x,y,z,T(K)
0.5,0.5,0,496.814
0.5,1.5,0,490.442
0.5,2.5,0,484.072
0.5,3.5,0,477.705
0.5,4.5,0,471.341
0.5,5.5,0,464.981
0.5,6.5,0,458.627
0.5,7.5,0,452.28
0.5,8.5,0,445.94
0.5,9.5,0,439.608
0.5,10.5,0,433.286
0.5,11.5,0,426.973
0.5,12.5,0,420.672
0.5,13.5,0,414.381
0.5,14.5,0,408.103
0.5,15.5,0,401.838
0.5,16.5,0,395.586
0.5,17.5,0,389.349
0.5,18.5,0,383.125
0.5,19.5,0,376.917
0.5,20.5,0,370.723
0.5,21.5,0,364.545
0.5,22.5,0,358.383
0.5,23.5,0,352.237
0.5,24.5,0,346.107
0.5,25.5,0,339.992
0.5,26.5,0,333.894
0.5,27.5,0,327.811
0.5,28.5,0,321.744
0.5,29.5,0,315.693
0.5,30.5,0,309.657
0.5,31.5,0,303.636
0.5,32.5,0,297.629
0.5,33.5,0,291.636
0.5,34.5,0,285.656
0.5,35.5,0,279.689
0.5,36.5,0,273.735
0.5,37.5,0,267.791
0.5,38.5,0,261.859
0.5,39.5,0,255.936
0.5,40.5,0,250.023
0.5,41.5,0,244.118
0.5,42.5,0,238.221
0.5,43.5,0,232.329
0.5,44.5,0,226.444
0.5,45.5,0,220.563
0.5,46.5,0,214.685
0.5,47.5,0,208.81
0.5,48.5,0,202.936
1.5,0.5,0,496.814
1.5,1.5,0,490.442
1.5,2.5,0,484.072
1.5,3.5,0,477.705
1.5,4.5,0,471.341
1.5,5.5,0,464.981
1.5,6.5,0,458.627
1.5,7.5,0,452.28
1.5,8.5,0,445.94
1.5,9.5,0,439.608
1.5,10.5,0,433.286
1.5,11.5,0,426.973
1.5,12.5,0,420.672
1.5,13.5,0,414.381
1.5,14.5,0,408.103
1.5,15.5,0,401.838
1.5,16.5,0,395.586
1.5,17.5,0,389.349
1.5,18.5,0,383.125
1.5,19.5,0,376.917
1.5,20.5,0,370.723
1.5,21.5,0,364.545
1.5,22.5,0,358.383
1.5,23.5,0,352.237
1.5,24.5,0,346.107
1.5,25.5,0,339.992
1.5,26.5,0,333.894
1.5,27.5,0,327.811
1.5,28.5,0,321.744
1.5,29.5,0,315.693
1.5,30.5,0,309.657
1.5,31.5,0,303.636
1.5,32.5,0,297.629
1.5,33.5,0,291.636
1.5,34.5,0,285.656
1.5,35.5,0,279.689
1.5,36.5,0,273.735
1.5,37.5,0,267.791
1.5,38.5,0,261.859
1.5,39.5,0,255.936
1.5,40.5,0,250.023
1.5,41.5,0,244.118
1.5,42.5,0,238.221
1.5,43.5,0,232.329
1.5,44.5,0,226.444
1.5,45.5,0,220.563
1.5,46.5,0,214.685
1.5,47.5,0,208.81
1.5,48.5,0,202.936
2.5,0.5,0,496.814
2.5,1.5,0,490.442
2.5,2.5,0,484.072
2.5,3.5,0,477.705
2.5,4.5,0,471.341
2.5,5.5,0,464.981
2.5,6.5,0,458.627
2.5,7.5,0,452.28
2.5,8.5,0,445.94
2.5,9.5,0,439.608
2.5,10.5,0,433.286
2.5,11.5,0,426.973
2.5,12.5,0,420.672
2.5,13.5,0,414.381
2.5,14.5,0,408.103
2.5,15.5,0,401.838
2.5,16.5,0,395.586
2.5,17.5,0,389.349
2.5,18.5,0,383.125
2.5,19.5,0,376.917
2.5,20.5,0,370.723
2.5,21.5,0,364.545
2.5,22.5,0,358.383
2.5,23.5,0,352.237
2.5,24.5,0,346.107
2.5,25.5,0,339.992
2.5,26.5,0,333.894
2.5,27.5,0,327.811
2.5,28.5,0,321.744
2.5,29.5,0,315.693
2.5,30.5,0,309.657
2.5,31.5,0,303.636
2.5,32.5,0,297.629
2.5,33.5,0,291.636
2.5,34.5,0,285.656
2.5,35.5,0,279.689
2.5,36.5,0,273.735
2.5,37.5,0,267.791
2.5,38.5,0,261.859
2.5,39.5,0,255.936
2.5,40.5,0,250.023
2.5,41.5,0,244.118
2.5,42.5,0,238.221
2.5,43.5,0,232.329
2.5,44.5,0,226.444
2.5,45.5,0,220.563
2.5,46.5,0,214.685
2.5,47.5,0,208.81
2.5,48.5,0,202.936
3.5,0.5,0,496.814
3.5,1.5,0,490.442
3.5,2.5,0,484.072
3.5,3.5,0,477.705
3.5,4.5,0,471.341
3.5,5.5,0,464.981
3.5,6.5,0,458.627
3.5,7.5,0,452.28
3.5,8.5,0,445.94
3.5,9.5,0,439.608
3.5,10.5,0,433.286
3.5,11.5,0,426.973
3.5,12.5,0,420.672
3.5,13.5,0,414.381
3.5,14.5,0,408.103
3.5,15.5,0,401.838
3.5,16.5,0,395.586
3.5,17.5,0,389.349
3.5,18.5,0,383.125
3.5,19.5,0,376.917
3.5,20.5,0,370.723
3.5,21.5,0,364.545
3.5,22.5,0,358.383
3.5,23.5,0,352.237
3.5,24.5,0,346.107
3.5,25.5,0,339.992
3.5,26.5,0,333.894
3.5,27.5,0,327.811
3.5,28.5,0,321.744
3.5,29.5,0,315.693
3.5,30.5,0,309.657
3.5,31.5,0,303.636
3.5,32.5,0,297.629
3.5,33.5,0,291.636
3.5,34.5,0,285.656
3.5,35.5,0,279.689
3.5,36.5,0,273.735
3.5,37.5,0,267.791
3.5,38.5,0,261.859
3.5,39.5,0,255.936
3.5,40.5,0,250.023
3.5,41.5,0,244.118
3.5,42.5,0,238.221
3.5,43.5,0,232.329
3.5,44.5,0,226.444
3.5,45.5,0,220.563
3.5,46.5,0,214.685
3.5,47.5,0,208.81
3.5,48.5,0,202.936
4.5,0.5,0,496.814
4.5,1.5,0,490.442
4.5,2.5,0,484.072
4.5,3.5,0,477.705
4.5,4.5,0,471.341
4.5,5.5,0,464.981
4.5,6.5,0,458.627
4.5,7.5,0,452.28
4.5,8.5,0,445.94
4.5,9.5,0,439.608
4.5,10.5,0,433.286
4.5,11.5,0,426.973
4.5,12.5,0,420.672
4.5,13.5,0,414.381
4.5,14.5,0,408.103
4.5,15.5,0,401.838
4.5,16.5,0,395.586
4.5,17.5,0,389.349
4.5,18.5,0,383.125
4.5,19.5,0,376.917
4.5,20.5,0,370.723
4.5,21.5,0,364.545
4.5,22.5,0,358.383
4.5,23.5,0,352.237
4.5,24.5,0,346.107
4.5,25.5,0,339.992
4.5,26.5,0,333.894
4.5,27.5,0,327.811
4.5,28.5,0,321.744
4.5,29.5,0,315.693
4.5,30.5,0,309.657
4.5,31.5,0,303.636
4.5,32.5,0,297.629
4.5,33.5,0,291.636
4.5,34.5,0,285.656
4.5,35.5,0,279.689
4.5,36.5,0,273.735
4.5,37.5,0,267.791
4.5,38.5,0,261.859
4.5,39.5,0,255.936
4.5,40.5,0,250.023
4.5,41.5,0,244.118
4.5,42.5,0,238.221
4.5,43.5,0,232.329
4.5,44.5,0,226.444
4.5,45.5,0,220.563
4.5,46.5,0,214.685
4.5,47.5,0,208.81
4.5,48.5,0,202.936
5.5,0.5,0,496.814
5.5,1.5,0,490.442
5.5,2.5,0,484.072
5.5,3.5,0,477.705
5.5,4.5,0,471.341
5.5,5.5,0,464.981
5.5,6.5,0,458.627
5.5,7.5,0,452.28
5.5,8.5,0,445.94
5.5,9.5,0,439.608
5.5,10.5,0,433.286
5.5,11.5,0,426.973
5.5,12.5,0,420.672
5.5,13.5,0,414.381
5.5,14.5,0,408.103
5.5,15.5,0,401.838
5.5,16.5,0,395.586
5.5,17.5,0,389.349
5.5,18.5,0,383.125
5.5,19.5,0,376.917
5.5,20.5,0,370.723
5.5,21.5,0,364.545
5.5,22.5,0,358.383
5.5,23.5,0,352.237
5.5,24.5,0,346.107
5.5,25.5,0,339.992
5.5,26.5,0,333.894
5.5,27.5,0,327.811
5.5,28.5,0,321.744
5.5,29.5,0,315.693
5.5,30.5,0,309.657
5.5,31.5,0,303.636
5.5,32.5,0,297.629
5.5,33.5,0,291.636
5.5,34.5,0,285.656
5.5,35.5,0,279.689
5.5,36.5,0,273.735
5.5,37.5,0,267.791
5.5,38.5,0,261.859
5.5,39.5,0,255.936
5.5,40.5,0,250.023
5.5,41.5,0,244.118
5.5,42.5,0,238.221
5.5,43.5,0,232.329
5.5,44.5,0,226.444
5.5,45.5,0,220.563
5.5,46.5,0,214.685
5.5,47.5,0,208.81
5.5,48.5,0,202.936
6.5,0.5,0,496.814
6.5,1.5,0,490.442
6.5,2.5,0,484.072
6.5,3.5,0,477.705
6.5,4.5,0,471.341
6.5,5.5,0,464.981
6.5,6.5,0,458.627
6.5,7.5,0,452.28
6.5,8.5,0,445.94
6.5,9.5,0,439.608
6.5,10.5,0,433.286
6.5,11.5,0,426.973
6.5,12.5,0,420.672
6.5,13.5,0,414.381
6.5,14.5,0,408.103
6.5,15.5,0,401.838
6.5,16.5,0,395.586
6.5,17.5,0,389.349
6.5,18.5,0,383.125
6.5,19.5,0,376.917
6.5,20.5,0,370.723
6.5,21.5,0,364.545
6.5,22.5,0,358.383
6.5,23.5,0,352.237
6.5,24.5,0,346.107
6.5,25.5,0,339.992
6.5,26.5,0,333.894
6.5,27.5,0,327.811
6.5,28.5,0,321.744
6.5,29.5,0,315.693
6.5,30.5,0,309.657
6.5,31.5,0,303.636
6.5,32.5,0,297.629
6.5,33.5,0,291.636
6.5,34.5,0,285.656
6.5,35.5,0,279.689
6.5,36.5,0,273.735
6.5,37.5,0,267.791
6.5,38.5,0,261.859
6.5,39.5,0,255.936
6.5,40.5,0,250.023
6.5,41.5,0,244.118
6.5,42.5,0,238.221
6.5,43.5,0,232.329
6.5,44.5,0,226.444
6.5,45.5,0,220.563
6.5,46.5,0,214.685
6.5,47.5,0,208.81
6.5,48.5,0,202.936
7.5,0.5,0,496.814
7.5,1.5,0,490.442
7.5,2.5,0,484.072
7.5,3.5,0,477.705
7.5,4.5,0,471.341
7.5,5.5,0,464.981
7.5,6.5,0,458.627
7.5,7.5,0,452.28
7.5,8.5,0,445.94
7.5,9.5,0,439.608
7.5,10.5,0,433.286
7.5,11.5,0,426.973
7.5,12.5,0,420.672
7.5,13.5,0,414.381
7.5,14.5,0,408.103
7.5,15.5,0,401.838
7.5,16.5,0,395.586
7.5,17.5,0,389.349
7.5,18.5,0,383.125
7.5,19.5,0,376.917
7.5,20.5,0,370.723
7.5,21.5,0,364.545
7.5,22.5,0,358.383
7.5,23.5,0,352.237
7.5,24.5,0,346.107
7.5,25.5,0,339.992
7.5,26.5,0,333.894
7.5,27.5,0,327.811
7.5,28.5,0,321.744
7.5,29.5,0,315.693
7.5,30.5,0,309.657
7.5,31.5,0,303.636
7.5,32.5,0,297.629
7.5,33.5,0,291.636
7.5,34.5,0,285.656
7.5,35.5,0,279.689
7.5,36.5,0,273.735
7.5,37.5,0,267.791
7.5,38.5,0,261.859
7.5,39.5,0,255.936
7.5,40.5,0,250.023
7.5,41.5,0,244.118
7.5,42.5,0,238.221
7.5,43.5,0,232.329
7.5,44.5,0,226.444
7.5,45.5,0,220.563
7.5,46.5,0,214.685
7.5,47.5,0,208.81
7.5,48.5,0,202.936
8.5,0.5,0,496.814
8.5,1.5,0,490.442
8.5,2.5,0,484.072
8.5,3.5,0,477.705
8.5,4.5,0,471.341
8.5,5.5,0,464.981
8.5,6.5,0,458.627
8.5,7.5,0,452.28
8.5,8.5,0,445.94
8.5,9.5,0,439.608
8.5,10.5,0,433.286
8.5,11.5,0,426.973
8.5,12.5,0,420.672
8.5,13.5,0,414.381
8.5,14.5,0,408.103
8.5,15.5,0,401.838
8.5,16.5,0,395.586
8.5,17.5,0,389.349
8.5,18.5,0,383.125
8.5,19.5,0,376.917
8.5,20.5,0,370.723
8.5,21.5,0,364.545
8.5,22.5,0,358.383
8.5,23.5,0,352.237
8.5,24.5,0,346.107
8.5,25.5,0,339.992
8.5,26.5,0,333.894
8.5,27.5,0,327.811
8.5,28.5,0,321.744
8.5,29.5,0,315.693
8.5,30.5,0,309.657
8.5,31.5,0,303.636
8.5,32.5,0,297.629
8.5,33.5,0,291.636
8.5,34.5,0,285.656
8.5,35.5,0,279.689
8.5,36.5,0,273.735
8.5,37.5,0,267.791
8.5,38.5,0,261.859
8.5,39.5,0,255.936
8.5,40.5,0,250.023
8.5,41.5,0,244.118
8.5,42.5,0,238.221
8.5,43.5,0,232.329
8.5,44.5,0,226.444
8.5,45.5,0,220.563
8.5,46.5,0,214.685
8.5,47.5,0,208.81
8.5,48.5,0,202.936
9.5,0.5,0,496.814
9.5,1.5,0,490.442
9.5,2.5,0,484.072
9.5,3.5,0,477.705
9.5,4.5,0,471.341
9.5,5.5,0,464.981
9.5,6.5,0,458.627
9.5,7.5,0,452.28
9.5,8.5,0,445.94
9.5,9.5,0,439.608
9.5,10.5,0,433.286
9.5,11.5,0,426.973
9.5,12.5,0,420.672
9.5,13.5,0,414.381
9.5,14.5,0,408.103
9.5,15.5,0,401.838
9.5,16.5,0,395.586
9.5,17.5,0,389.349
9.5,18.5,0,383.125
9.5,19.5,0,376.917
9.5,20.5,0,370.723
9.5,21.5,0,364.545
9.5,22.5,0,358.383
9.5,23.5,0,352.237
9.5,24.5,0,346.107
9.5,25.5,0,339.992
9.5,26.5,0,333.894
9.5,27.5,0,327.811
9.5,28.5,0,321.744
9.5,29.5,0,315.693
9.5,30.5,0,309.657
9.5,31.5,0,303.636
9.5,32.5,0,297.629
9.5,33.5,0,291.636
9.5,34.5,0,285.656
9.5,35.5,0,279.689
9.5,36.5,0,273.735
9.5,37.5,0,267.791
9.5,38.5,0,261.859
9.5,39.5,0,255.936
9.5,40.5,0,250.023
9.5,41.5,0,244.118
9.5,42.5,0,238.221
9.5,43.5,0,232.329
9.5,44.5,0,226.444
9.5,45.5,0,220.563
9.5,46.5,0,214.685
9.5,47.5,0,208.81
9.5,48.5,0,202.936
10.5,0.5,0,496.814
10.5,1.5,0,490.442
10.5,2.5,0,484.072
10.5,3.5,0,477.705
10.5,4.5,0,471.341
10.5,5.5,0,464.981
10.5,6.5,0,458.627
10.5,7.5,0,452.28
10.5,8.5,0,445.94
10.5,9.5,0,439.608
10.5,10.5,0,433.286
10.5,11.5,0,426.973
10.5,12.5,0,420.672
10.5,13.5,0,414.381
10.5,14.5,0,408.103
10.5,15.5,0,401.838
10.5,16.5,0,395.586
10.5,17.5,0,389.349
10.5,18.5,0,383.125
10.5,19.5,0,376.917
10.5,20.5,0,370.723
10.5,21.5,0,364.545
10.5,22.5,0,358.383
10.5,23.5,0,352.237
10.5,24.5,0,346.107
10.5,25.5,0,339.992
10.5,26.5,0,333.894
10.5,27.5,0,327.811
10.5,28.5,0,321.744
10.5,29.5,0,315.693
10.5,30.5,0,309.657
10.5,31.5,0,303.636
10.5,32.5,0,297.629
10.5,33.5,0,291.636
10.5,34.5,0,285.656
10.5,35.5,0,279.689
10.5,36.5,0,273.735
10.5,37.5,0,267.791
10.5,38.5,0,261.859
10.5,39.5,0,255.936
10.5,40.5,0,250.023
10.5,41.5,0,244.118
10.5,42.5,0,238.221
10.5,43.5,0,232.329
10.5,44.5,0,226.444
10.5,45.5,0,220.563
10.5,46.5,0,214.685
10.5,47.5,0,208.81
10.5,48.5,0,202.936
11.5,0.5,0,496.814
11.5,1.5,0,490.442
11.5,2.5,0,484.072
11.5,3.5,0,477.705
11.5,4.5,0,471.341
11.5,5.5,0,464.981
11.5,6.5,0,458.627
11.5,7.5,0,452.28
11.5,8.5,0,445.94
11.5,9.5,0,439.608
11.5,10.5,0,433.286
11.5,11.5,0,426.973
11.5,12.5,0,420.672
11.5,13.5,0,414.381
11.5,14.5,0,408.103
11.5,15.5,0,401.838
11.5,16.5,0,395.586
11.5,17.5,0,389.349
11.5,18.5,0,383.125
11.5,19.5,0,376.917
11.5,20.5,0,370.723
11.5,21.5,0,364.545
11.5,22.5,0,358.383
11.5,23.5,0,352.237
11.5,24.5,0,346.107
11.5,25.5,0,339.992
11.5,26.5,0,333.894
11.5,27.5,0,327.811
11.5,28.5,0,321.744
11.5,29.5,0,315.693
11.5,30.5,0,309.657
11.5,31.5,0,303.636
11.5,32.5,0,297.629
11.5,33.5,0,291.636
11.5,34.5,0,285.656
11.5,35.5,0,279.689
11.5,36.5,0,273.735
11.5,37.5,0,267.791
11.5,38.5,0,261.859
11.5,39.5,0,255.936
11.5,40.5,0,250.023
11.5,41.5,0,244.118
11.5,42.5,0,238.221
11.5,43.5,0,232.329
11.5,44.5,0,226.444
11.5,45.5,0,220.563
11.5,46.5,0,214.685
11.5,47.5,0,208.81
11.5,48.5,0,202.936
12.5,0.5,0,496.814
12.5,1.5,0,490.442
12.5,2.5,0,484.072
12.5,3.5,0,477.705
12.5,4.5,0,471.341
12.5,5.5,0,464.981
12.5,6.5,0,458.627
12.5,7.5,0,452.28
12.5,8.5,0,445.94
12.5,9.5,0,439.608
12.5,10.5,0,433.286
12.5,11.5,0,426.973
12.5,12.5,0,420.672
12.5,13.5,0,414.381
12.5,14.5,0,408.103
12.5,15.5,0,401.838
12.5,16.5,0,395.586
12.5,17.5,0,389.349
12.5,18.5,0,383.125
12.5,19.5,0,376.917
12.5,20.5,0,370.723
12.5,21.5,0,364.545
12.5,22.5,0,358.383
12.5,23.5,0,352.237
12.5,24.5,0,346.107
12.5,25.5,0,339.992
12.5,26.5,0,333.894
12.5,27.5,0,327.811
12.5,28.5,0,321.744
12.5,29.5,0,315.693
12.5,30.5,0,309.657
12.5,31.5,0,303.636
12.5,32.5,0,297.629
12.5,33.5,0,291.636
12.5,34.5,0,285.656
12.5,35.5,0,279.689
12.5,36.5,0,273.735
12.5,37.5,0,267.791
12.5,38.5,0,261.859
12.5,39.5,0,255.936
12.5,40.5,0,250.023
12.5,41.5,0,244.118
12.5,42.5,0,238.221
12.5,43.5,0,232.329
12.5,44.5,0,226.444
12.5,45.5,0,220.563
12.5,46.5,0,214.685
12.5,47.5,0,208.81
12.5,48.5,0,202.936
13.5,0.5,0,496.814
13.5,1.5,0,490.442
13.5,2.5,0,484.072
13.5,3.5,0,477.705
13.5,4.5,0,471.341
13.5,5.5,0,464.981
13.5,6.5,0,458.627
13.5,7.5,0,452.28
13.5,8.5,0,445.94
13.5,9.5,0,439.608
13.5,10.5,0,433.286
13.5,11.5,0,426.973
13.5,12.5,0,420.672
13.5,13.5,0,414.381
13.5,14.5,0,408.103
13.5,15.5,0,401.838
13.5,16.5,0,395.586
13.5,17.5,0,389.349
13.5,18.5,0,383.125
13.5,19.5,0,376.917
13.5,20.5,0,370.723
13.5,21.5,0,364.545
13.5,22.5,0,358.383
13.5,23.5,0,352.237
13.5,24.5,0,346.107
13.5,25.5,0,339.992
13.5,26.5,0,333.894
13.5,27.5,0,327.811
13.5,28.5,0,321.744
13.5,29.5,0,315.693
13.5,30.5,0,309.657
13.5,31.5,0,303.636
13.5,32.5,0,297.629
13.5,33.5,0,291.636
13.5,34.5,0,285.656
13.5,35.5,0,279.689
13.5,36.5,0,273.735
13.5,37.5,0,267.791
13.5,38.5,0,261.859
13.5,39.5,0,255.936
13.5,40.5,0,250.023
13.5,41.5,0,244.118
13.5,42.5,0,238.221
13.5,43.5,0,232.329
13.5,44.5,0,226.444
13.5,45.5,0,220.563
13.5,46.5,0,214.685
13.5,47.5,0,208.81
13.5,48.5,0,202.936
14.5,0.5,0,496.814
14.5,1.5,0,490.442
14.5,2.5,0,484.072
14.5,3.5,0,477.705
14.5,4.5,0,471.341
14.5,5.5,0,464.981
14.5,6.5,0,458.627
14.5,7.5,0,452.28
14.5,8.5,0,445.94
14.5,9.5,0,439.608
14.5,10.5,0,433.286
14.5,11.5,0,426.973
14.5,12.5,0,420.672
14.5,13.5,0,414.381
14.5,14.5,0,408.103
14.5,15.5,0,401.838
14.5,16.5,0,395.586
14.5,17.5,0,389.349
14.5,18.5,0,383.125
14.5,19.5,0,376.917
14.5,20.5,0,370.723
14.5,21.5,0,364.545
14.5,22.5,0,358.383
14.5,23.5,0,352.237
14.5,24.5,0,346.107
14.5,25.5,0,339.992
14.5,26.5,0,333.894
14.5,27.5,0,327.811
14.5,28.5,0,321.744
14.5,29.5,0,315.693
14.5,30.5,0,309.657
14.5,31.5,0,303.636
14.5,32.5,0,297.629
14.5,33.5,0,291.636
14.5,34.5,0,285.656
14.5,35.5,0,279.689
14.5,36.5,0,273.735
14.5,37.5,0,267.791
14.5,38.5,0,261.859
14.5,39.5,0,255.936
14.5,40.5,0,250.023
14.5,41.5,0,244.118
14.5,42.5,0,238.221
14.5,43.5,0,232.329
14.5,44.5,0,226.444
14.5,45.5,0,220.563
14.5,46.5,0,214.685
14.5,47.5,0,208.81
14.5,48.5,0,202.936
15.5,0.5,0,496.814
15.5,1.5,0,490.442
15.5,2.5,0,484.072
15.5,3.5,0,477.705
15.5,4.5,0,471.341
15.5,5.5,0,464.981
15.5,6.5,0,458.627
15.5,7.5,0,452.28
15.5,8.5,0,445.94
15.5,9.5,0,439.608
15.5,10.5,0,433.286
15.5,11.5,0,426.973
15.5,12.5,0,420.672
15.5,13.5,0,414.381
15.5,14.5,0,408.103
15.5,15.5,0,401.838
15.5,16.5,0,395.586
15.5,17.5,0,389.349
15.5,18.5,0,383.125
15.5,19.5,0,376.917
15.5,20.5,0,370.723
15.5,21.5,0,364.545
15.5,22.5,0,358.383
15.5,23.5,0,352.237
15.5,24.5,0,346.107
15.5,25.5,0,339.992
15.5,26.5,0,333.894
15.5,27.5,0,327.811
15.5,28.5,0,321.744
15.5,29.5,0,315.693
15.5,30.5,0,309.657
15.5,31.5,0,303.636
15.5,32.5,0,297.629
15.5,33.5,0,291.636
15.5,34.5,0,285.656
15.5,35.5,0,279.689
15.5,36.5,0,273.735
15.5,37.5,0,267.791
15.5,38.5,0,261.859
15.5,39.5,0,255.936
15.5,40.5,0,250.023
15.5,41.5,0,244.118
15.5,42.5,0,238.221
15.5,43.5,0,232.329
15.5,44.5,0,226.444
15.5,45.5,0,220.563
15.5,46.5,0,214.685
15.5,47.5,0,208.81
15.5,48.5,0,202.936
16.5,0.5,0,496.814
16.5,1.5,0,490.442
16.5,2.5,0,484.072
16.5,3.5,0,477.705
16.5,4.5,0,471.341
16.5,5.5,0,464.981
16.5,6.5,0,458.627
16.5,7.5,0,452.28
16.5,8.5,0,445.94
16.5,9.5,0,439.608
16.5,10.5,0,433.286
16.5,11.5,0,426.973
16.5,12.5,0,420.672
16.5,13.5,0,414.381
16.5,14.5,0,408.103
16.5,15.5,0,401.838
16.5,16.5,0,395.586
16.5,17.5,0,389.349
16.5,18.5,0,383.125
16.5,19.5,0,376.917
16.5,20.5,0,370.723
16.5,21.5,0,364.545
16.5,22.5,0,358.383
16.5,23.5,0,352.237
16.5,24.5,0,346.107
16.5,25.5,0,339.992
16.5,26.5,0,333.894
16.5,27.5,0,327.811
16.5,28.5,0,321.744
16.5,29.5,0,315.693
16.5,30.5,0,309.657
16.5,31.5,0,303.636
16.5,32.5,0,297.629
16.5,33.5,0,291.636
16.5,34.5,0,285.656
16.5,35.5,0,279.689
16.5,36.5,0,273.735
16.5,37.5,0,267.791
16.5,38.5,0,261.859
16.5,39.5,0,255.936
16.5,40.5,0,250.023
16.5,41.5,0,244.118
16.5,42.5,0,238.221
16.5,43.5,0,232.329
16.5,44.5,0,226.444
16.5,45.5,0,220.563
16.5,46.5,0,214.685
16.5,47.5,0,208.81
16.5,48.5,0,202.936
17.5,0.5,0,496.814
17.5,1.5,0,490.442
17.5,2.5,0,484.072
17.5,3.5,0,477.705
17.5,4.5,0,471.341
17.5,5.5,0,464.981
17.5,6.5,0,458.627
17.5,7.5,0,452.28
17.5,8.5,0,445.94
17.5,9.5,0,439.608
17.5,10.5,0,433.286
17.5,11.5,0,426.973
17.5,12.5,0,420.672
17.5,13.5,0,414.381
17.5,14.5,0,408.103
17.5,15.5,0,401.838
17.5,16.5,0,395.586
17.5,17.5,0,389.349
17.5,18.5,0,383.125
17.5,19.5,0,376.917
17.5,20.5,0,370.723
17.5,21.5,0,364.545
17.5,22.5,0,358.383
17.5,23.5,0,352.237
17.5,24.5,0,346.107
17.5,25.5,0,339.992
17.5,26.5,0,333.894
17.5,27.5,0,327.811
17.5,28.5,0,321.744
17.5,29.5,0,315.693
17.5,30.5,0,309.657
17.5,31.5,0,303.636
17.5,32.5,0,297.629
17.5,33.5,0,291.636
17.5,34.5,0,285.656
17.5,35.5,0,279.689
17.5,36.5,0,273.735
17.5,37.5,0,267.791
17.5,38.5,0,261.859
17.5,39.5,0,255.936
17.5,40.5,0,250.023
17.5,41.5,0,244.118
17.5,42.5,0,238.221
17.5,43.5,0,232.329
17.5,44.5,0,226.444
17.5,45.5,0,220.563
17.5,46.5,0,214.685
17.5,47.5,0,208.81
17.5,48.5,0,202.936
18.5,0.5,0,496.814
18.5,1.5,0,490.442
18.5,2.5,0,484.072
18.5,3.5,0,477.705
18.5,4.5,0,471.341
18.5,5.5,0,464.981
18.5,6.5,0,458.627
18.5,7.5,0,452.28
18.5,8.5,0,445.94
18.5,9.5,0,439.608
18.5,10.5,0,433.286
18.5,11.5,0,426.973
18.5,12.5,0,420.672
18.5,13.5,0,414.381
18.5,14.5,0,408.103
18.5,15.5,0,401.838
18.5,16.5,0,395.586
18.5,17.5,0,389.349
18.5,18.5,0,383.125
18.5,19.5,0,376.917
18.5,20.5,0,370.723
18.5,21.5,0,364.545
18.5,22.5,0,358.383
18.5,23.5,0,352.237
18.5,24.5,0,346.107
18.5,25.5,0,339.992
18.5,26.5,0,333.894
18.5,27.5,0,327.811
18.5,28.5,0,321.744
18.5,29.5,0,315.693
18.5,30.5,0,309.657
18.5,31.5,0,303.636
18.5,32.5,0,297.629
18.5,33.5,0,291.636
18.5,34.5,0,285.656
18.5,35.5,0,279.689
18.5,36.5,0,273.735
18.5,37.5,0,267.791
18.5,38.5,0,261.859
18.5,39.5,0,255.936
18.5,40.5,0,250.023
18.5,41.5,0,244.118
18.5,42.5,0,238.221
18.5,43.5,0,232.329
18.5,44.5,0,226.444
18.5,45.5,0,220.563
18.5,46.5,0,214.685
18.5,47.5,0,208.81
18.5,48.5,0,202.936
19.5,0.5,0,496.814
19.5,1.5,0,490.442
19.5,2.5,0,484.072
19.5,3.5,0,477.705
19.5,4.5,0,471.341
19.5,5.5,0,464.981
19.5,6.5,0,458.627
19.5,7.5,0,452.28
19.5,8.5,0,445.94
19.5,9.5,0,439.608
19.5,10.5,0,433.286
19.5,11.5,0,426.973
19.5,12.5,0,420.672
19.5,13.5,0,414.381
19.5,14.5,0,408.103
19.5,15.5,0,401.838
19.5,16.5,0,395.586
19.5,17.5,0,389.349
19.5,18.5,0,383.125
19.5,19.5,0,376.917
19.5,20.5,0,370.723
19.5,21.5,0,364.545
19.5,22.5,0,358.383
19.5,23.5,0,352.237
19.5,24.5,0,346.107
19.5,25.5,0,339.992
19.5,26.5,0,333.894
19.5,27.5,0,327.811
19.5,28.5,0,321.744
19.5,29.5,0,315.693
19.5,30.5,0,309.657
19.5,31.5,0,303.636
19.5,32.5,0,297.629
19.5,33.5,0,291.636
19.5,34.5,0,285.656
19.5,35.5,0,279.689
19.5,36.5,0,273.735
19.5,37.5,0,267.791
19.5,38.5,0,261.859
19.5,39.5,0,255.936
19.5,40.5,0,250.023
19.5,41.5,0,244.118
19.5,42.5,0,238.221
19.5,43.5,0,232.329
19.5,44.5,0,226.444
19.5,45.5,0,220.563
19.5,46.5,0,214.685
19.5,47.5,0,208.81
19.5,48.5,0,202.936
20.5,0.5,0,496.814
20.5,1.5,0,490.442
20.5,2.5,0,484.072
20.5,3.5,0,477.705
20.5,4.5,0,471.341
20.5,5.5,0,464.981
20.5,6.5,0,458.627
20.5,7.5,0,452.28
20.5,8.5,0,445.94
20.5,9.5,0,439.608
20.5,10.5,0,433.286
20.5,11.5,0,426.973
20.5,12.5,0,420.672
20.5,13.5,0,414.381
20.5,14.5,0,408.103
20.5,15.5,0,401.838
20.5,16.5,0,395.586
20.5,17.5,0,389.349
20.5,18.5,0,383.125
20.5,19.5,0,376.917
20.5,20.5,0,370.723
20.5,21.5,0,364.545
20.5,22.5,0,358.383
20.5,23.5,0,352.237
20.5,24.5,0,346.107
20.5,25.5,0,339.992
20.5,26.5,0,333.894
20.5,27.5,0,327.811
20.5,28.5,0,321.744
20.5,29.5,0,315.693
20.5,30.5,0,309.657
20.5,31.5,0,303.636
20.5,32.5,0,297.629
20.5,33.5,0,291.636
20.5,34.5,0,285.656
20.5,35.5,0,279.689
20.5,36.5,0,273.735
20.5,37.5,0,267.791
20.5,38.5,0,261.859
20.5,39.5,0,255.936
20.5,40.5,0,250.023
20.5,41.5,0,244.118
20.5,42.5,0,238.221
20.5,43.5,0,232.329
20.5,44.5,0,226.444
20.5,45.5,0,220.563
20.5,46.5,0,214.685
20.5,47.5,0,208.81
20.5,48.5,0,202.936
21.5,0.5,0,496.814
21.5,1.5,0,490.442
21.5,2.5,0,484.072
21.5,3.5,0,477.705
21.5,4.5,0,471.341
21.5,5.5,0,464.981
21.5,6.5,0,458.627
21.5,7.5,0,452.28
21.5,8.5,0,445.94
21.5,9.5,0,439.608
21.5,10.5,0,433.286
21.5,11.5,0,426.973
21.5,12.5,0,420.672
21.5,13.5,0,414.381
21.5,14.5,0,408.103
21.5,15.5,0,401.838
21.5,16.5,0,395.586
21.5,17.5,0,389.349
21.5,18.5,0,383.125
21.5,19.5,0,376.917
21.5,20.5,0,370.723
21.5,21.5,0,364.545
21.5,22.5,0,358.383
21.5,23.5,0,352.237
21.5,24.5,0,346.107
21.5,25.5,0,339.992
21.5,26.5,0,333.894
21.5,27.5,0,327.811
21.5,28.5,0,321.744
21.5,29.5,0,315.693
21.5,30.5,0,309.657
21.5,31.5,0,303.636
21.5,32.5,0,297.629
21.5,33.5,0,291.636
21.5,34.5,0,285.656
21.5,35.5,0,279.689
21.5,36.5,0,273.735
21.5,37.5,0,267.791
21.5,38.5,0,261.859
21.5,39.5,0,255.936
21.5,40.5,0,250.023
21.5,41.5,0,244.118
21.5,42.5,0,238.221
21.5,43.5,0,232.329
21.5,44.5,0,226.444
21.5,45.5,0,220.563
21.5,46.5,0,214.685
21.5,47.5,0,208.81
21.5,48.5,0,202.936
22.5,0.5,0,496.814
22.5,1.5,0,490.442
22.5,2.5,0,484.072
22.5,3.5,0,477.705
22.5,4.5,0,471.341
22.5,5.5,0,464.981
22.5,6.5,0,458.627
22.5,7.5,0,452.28
22.5,8.5,0,445.94
22.5,9.5,0,439.608
22.5,10.5,0,433.286
22.5,11.5,0,426.973
22.5,12.5,0,420.672
22.5,13.5,0,414.381
22.5,14.5,0,408.103
22.5,15.5,0,401.838
22.5,16.5,0,395.586
22.5,17.5,0,389.349
22.5,18.5,0,383.125
22.5,19.5,0,376.917
22.5,20.5,0,370.723
22.5,21.5,0,364.545
22.5,22.5,0,358.383
22.5,23.5,0,352.237
22.5,24.5,0,346.107
22.5,25.5,0,339.992
22.5,26.5,0,333.894
22.5,27.5,0,327.811
22.5,28.5,0,321.744
22.5,29.5,0,315.693
22.5,30.5,0,309.657
22.5,31.5,0,303.636
22.5,32.5,0,297.629
22.5,33.5,0,291.636
22.5,34.5,0,285.656
22.5,35.5,0,279.689
22.5,36.5,0,273.735
22.5,37.5,0,267.791
22.5,38.5,0,261.859
22.5,39.5,0,255.936
22.5,40.5,0,250.023
22.5,41.5,0,244.118
22.5,42.5,0,238.221
22.5,43.5,0,232.329
22.5,44.5,0,226.444
22.5,45.5,0,220.563
22.5,46.5,0,214.685
22.5,47.5,0,208.81
22.5,48.5,0,202.936
23.5,0.5,0,496.814
23.5,1.5,0,490.442
23.5,2.5,0,484.072
23.5,3.5,0,477.705
23.5,4.5,0,471.341
23.5,5.5,0,464.981
23.5,6.5,0,458.627
23.5,7.5,0,452.28
23.5,8.5,0,445.94
23.5,9.5,0,439.608
23.5,10.5,0,433.286
23.5,11.5,0,426.973
23.5,12.5,0,420.672
23.5,13.5,0,414.381
23.5,14.5,0,408.103
23.5,15.5,0,401.838
23.5,16.5,0,395.586
23.5,17.5,0,389.349
23.5,18.5,0,383.125
23.5,19.5,0,376.917
23.5,20.5,0,370.723
23.5,21.5,0,364.545
23.5,22.5,0,358.383
23.5,23.5,0,352.237
23.5,24.5,0,346.107
23.5,25.5,0,339.992
23.5,26.5,0,333.894
23.5,27.5,0,327.811
23.5,28.5,0,321.744
23.5,29.5,0,315.693
23.5,30.5,0,309.657
23.5,31.5,0,303.636
23.5,32.5,0,297.629
23.5,33.5,0,291.636
23.5,34.5,0,285.656
23.5,35.5,0,279.689
23.5,36.5,0,273.735
23.5,37.5,0,267.791
23.5,38.5,0,261.859
23.5,39.5,0,255.936
23.5,40.5,0,250.023
23.5,41.5,0,244.118
23.5,42.5,0,238.221
23.5,43.5,0,232.329
23.5,44.5,0,226.444
23.5,45.5,0,220.563
23.5,46.5,0,214.685
23.5,47.5,0,208.81
23.5,48.5,0,202.936
24.5,0.5,0,496.814
24.5,1.5,0,490.442
24.5,2.5,0,484.072
24.5,3.5,0,477.705
24.5,4.5,0,471.341
24.5,5.5,0,464.981
24.5,6.5,0,458.627
24.5,7.5,0,452.28
24.5,8.5,0,445.94
24.5,9.5,0,439.608
24.5,10.5,0,433.286
24.5,11.5,0,426.973
24.5,12.5,0,420.672
24.5,13.5,0,414.381
24.5,14.5,0,408.103
24.5,15.5,0,401.838
24.5,16.5,0,395.586
24.5,17.5,0,389.349
24.5,18.5,0,383.125
24.5,19.5,0,376.917
24.5,20.5,0,370.723
24.5,21.5,0,364.545
24.5,22.5,0,358.383
24.5,23.5,0,352.237
24.5,24.5,0,346.107
24.5,25.5,0,339.992
24.5,26.5,0,333.894
24.5,27.5,0,327.811
24.5,28.5,0,321.744
24.5,29.5,0,315.693
24.5,30.5,0,309.657
24.5,31.5,0,303.636
24.5,32.5,0,297.629
24.5,33.5,0,291.636
24.5,34.5,0,285.656
24.5,35.5,0,279.689
24.5,36.5,0,273.735
24.5,37.5,0,267.791
24.5,38.5,0,261.859
24.5,39.5,0,255.936
24.5,40.5,0,250.023
24.5,41.5,0,244.118
24.5,42.5,0,238.221
24.5,43.5,0,232.329
24.5,44.5,0,226.444
24.5,45.5,0,220.563
24.5,46.5,0,214.685
24.5,47.5,0,208.81
24.5,48.5,0,202.936
25.5,0.5,0,496.814
25.5,1.5,0,490.442
25.5,2.5,0,484.072
25.5,3.5,0,477.705
25.5,4.5,0,471.341
25.5,5.5,0,464.981
25.5,6.5,0,458.627
25.5,7.5,0,452.28
25.5,8.5,0,445.94
25.5,9.5,0,439.608
25.5,10.5,0,433.286
25.5,11.5,0,426.973
25.5,12.5,0,420.672
25.5,13.5,0,414.381
25.5,14.5,0,408.103
25.5,15.5,0,401.838
25.5,16.5,0,395.586
25.5,17.5,0,389.349
25.5,18.5,0,383.125
25.5,19.5,0,376.917
25.5,20.5,0,370.723
25.5,21.5,0,364.545
25.5,22.5,0,358.383
25.5,23.5,0,352.237
25.5,24.5,0,346.107
25.5,25.5,0,339.992
25.5,26.5,0,333.894
25.5,27.5,0,327.811
25.5,28.5,0,321.744
25.5,29.5,0,315.693
25.5,30.5,0,309.657
25.5,31.5,0,303.636
25.5,32.5,0,297.629
25.5,33.5,0,291.636
25.5,34.5,0,285.656
25.5,35.5,0,279.689
25.5,36.5,0,273.735
25.5,37.5,0,267.791
25.5,38.5,0,261.859
25.5,39.5,0,255.936
25.5,40.5,0,250.023
25.5,41.5,0,244.118
25.5,42.5,0,238.221
25.5,43.5,0,232.329
25.5,44.5,0,226.444
25.5,45.5,0,220.563
25.5,46.5,0,214.685
25.5,47.5,0,208.81
25.5,48.5,0,202.936
26.5,0.5,0,496.814
26.5,1.5,0,490.442
26.5,2.5,0,484.072
26.5,3.5,0,477.705
26.5,4.5,0,471.341
26.5,5.5,0,464.981
26.5,6.5,0,458.627
26.5,7.5,0,452.28
26.5,8.5,0,445.94
26.5,9.5,0,439.608
26.5,10.5,0,433.286
26.5,11.5,0,426.973
26.5,12.5,0,420.672
26.5,13.5,0,414.381
26.5,14.5,0,408.103
26.5,15.5,0,401.838
26.5,16.5,0,395.586
26.5,17.5,0,389.349
26.5,18.5,0,383.125
26.5,19.5,0,376.917
26.5,20.5,0,370.723
26.5,21.5,0,364.545
26.5,22.5,0,358.383
26.5,23.5,0,352.237
26.5,24.5,0,346.107
26.5,25.5,0,339.992
26.5,26.5,0,333.894
26.5,27.5,0,327.811
26.5,28.5,0,321.744
26.5,29.5,0,315.693
26.5,30.5,0,309.657
26.5,31.5,0,303.636
26.5,32.5,0,297.629
26.5,33.5,0,291.636
26.5,34.5,0,285.656
26.5,35.5,0,279.689
26.5,36.5,0,273.735
26.5,37.5,0,267.791
26.5,38.5,0,261.859
26.5,39.5,0,255.936
26.5,40.5,0,250.023
26.5,41.5,0,244.118
26.5,42.5,0,238.221
26.5,43.5,0,232.329
26.5,44.5,0,226.444
26.5,45.5,0,220.563
26.5,46.5,0,214.685
26.5,47.5,0,208.81
26.5,48.5,0,202.936
27.5,0.5,0,496.814
27.5,1.5,0,490.442
27.5,2.5,0,484.072
27.5,3.5,0,477.705
27.5,4.5,0,471.341
27.5,5.5,0,464.981
27.5,6.5,0,458.627
27.5,7.5,0,452.28
27.5,8.5,0,445.94
27.5,9.5,0,439.608
27.5,10.5,0,433.286
27.5,11.5,0,426.973
27.5,12.5,0,420.672
27.5,13.5,0,414.381
27.5,14.5,0,408.103
27.5,15.5,0,401.838
27.5,16.5,0,395.586
27.5,17.5,0,389.349
27.5,18.5,0,383.125
27.5,19.5,0,376.917
27.5,20.5,0,370.723
27.5,21.5,0,364.545
27.5,22.5,0,358.383
27.5,23.5,0,352.237
27.5,24.5,0,346.107
27.5,25.5,0,339.992
27.5,26.5,0,333.894
27.5,27.5,0,327.811
27.5,28.5,0,321.744
27.5,29.5,0,315.693
27.5,30.5,0,309.657
27.5,31.5,0,303.636
27.5,32.5,0,297.629
27.5,33.5,0,291.636
27.5,34.5,0,285.656
27.5,35.5,0,279.689
27.5,36.5,0,273.735
27.5,37.5,0,267.791
27.5,38.5,0,261.859
27.5,39.5,0,255.936
27.5,40.5,0,250.023
27.5,41.5,0,244.118
27.5,42.5,0,238.221
27.5,43.5,0,232.329
27.5,44.5,0,226.444
27.5,45.5,0,220.563
27.5,46.5,0,214.685
27.5,47.5,0,208.81
27.5,48.5,0,202.936
28.5,0.5,0,496.814
28.5,1.5,0,490.442
28.5,2.5,0,484.072
28.5,3.5,0,477.705
28.5,4.5,0,471.341
28.5,5.5,0,464.981
28.5,6.5,0,458.627
28.5,7.5,0,452.28
28.5,8.5,0,445.94
28.5,9.5,0,439.608
28.5,10.5,0,433.286
28.5,11.5,0,426.973
28.5,12.5,0,420.672
28.5,13.5,0,414.381
28.5,14.5,0,408.103
28.5,15.5,0,401.838
28.5,16.5,0,395.586
28.5,17.5,0,389.349
28.5,18.5,0,383.125
28.5,19.5,0,376.917
28.5,20.5,0,370.723
28.5,21.5,0,364.545
28.5,22.5,0,358.383
28.5,23.5,0,352.237
28.5,24.5,0,346.107
28.5,25.5,0,339.992
28.5,26.5,0,333.894
28.5,27.5,0,327.811
28.5,28.5,0,321.744
28.5,29.5,0,315.693
28.5,30.5,0,309.657
28.5,31.5,0,303.636
28.5,32.5,0,297.629
28.5,33.5,0,291.636
28.5,34.5,0,285.656
28.5,35.5,0,279.689
28.5,36.5,0,273.735
28.5,37.5,0,267.791
28.5,38.5,0,261.859
28.5,39.5,0,255.936
28.5,40.5,0,250.023
28.5,41.5,0,244.118
28.5,42.5,0,238.221
28.5,43.5,0,232.329
28.5,44.5,0,226.444
28.5,45.5,0,220.563
28.5,46.5,0,214.685
28.5,47.5,0,208.81
28.5,48.5,0,202.936
29.5,0.5,0,496.814
29.5,1.5,0,490.442
29.5,2.5,0,484.072
29.5,3.5,0,477.705
29.5,4.5,0,471.341
29.5,5.5,0,464.981
29.5,6.5,0,458.627
29.5,7.5,0,452.28
29.5,8.5,0,445.94
29.5,9.5,0,439.608
29.5,10.5,0,433.286
29.5,11.5,0,426.973
29.5,12.5,0,420.672
29.5,13.5,0,414.381
29.5,14.5,0,408.103
29.5,15.5,0,401.838
29.5,16.5,0,395.586
29.5,17.5,0,389.349
29.5,18.5,0,383.125
29.5,19.5,0,376.917
29.5,20.5,0,370.723
29.5,21.5,0,364.545
29.5,22.5,0,358.383
29.5,23.5,0,352.237
29.5,24.5,0,346.107
29.5,25.5,0,339.992
29.5,26.5,0,333.894
29.5,27.5,0,327.811
29.5,28.5,0,321.744
29.5,29.5,0,315.693
29.5,30.5,0,309.657
29.5,31.5,0,303.636
29.5,32.5,0,297.629
29.5,33.5,0,291.636
29.5,34.5,0,285.656
29.5,35.5,0,279.689
29.5,36.5,0,273.735
29.5,37.5,0,267.791
29.5,38.5,0,261.859
29.5,39.5,0,255.936
29.5,40.5,0,250.023
29.5,41.5,0,244.118
29.5,42.5,0,238.221
29.5,43.5,0,232.329
29.5,44.5,0,226.444
29.5,45.5,0,220.563
29.5,46.5,0,214.685
29.5,47.5,0,208.81
29.5,48.5,0,202.936
30.5,0.5,0,496.814
30.5,1.5,0,490.442
30.5,2.5,0,484.072
30.5,3.5,0,477.705
30.5,4.5,0,471.341
30.5,5.5,0,464.981
30.5,6.5,0,458.627
30.5,7.5,0,452.28
30.5,8.5,0,445.94
30.5,9.5,0,439.608
30.5,10.5,0,433.286
30.5,11.5,0,426.973
30.5,12.5,0,420.672
30.5,13.5,0,414.381
30.5,14.5,0,408.103
30.5,15.5,0,401.838
30.5,16.5,0,395.586
30.5,17.5,0,389.349
30.5,18.5,0,383.125
30.5,19.5,0,376.917
30.5,20.5,0,370.723
30.5,21.5,0,364.545
30.5,22.5,0,358.383
30.5,23.5,0,352.237
30.5,24.5,0,346.107
30.5,25.5,0,339.992
30.5,26.5,0,333.894
30.5,27.5,0,327.811
30.5,28.5,0,321.744
30.5,29.5,0,315.693
30.5,30.5,0,309.657
30.5,31.5,0,303.636
30.5,32.5,0,297.629
30.5,33.5,0,291.636
30.5,34.5,0,285.656
30.5,35.5,0,279.689
30.5,36.5,0,273.735
30.5,37.5,0,267.791
30.5,38.5,0,261.859
30.5,39.5,0,255.936
30.5,40.5,0,250.023
30.5,41.5,0,244.118
30.5,42.5,0,238.221
30.5,43.5,0,232.329
30.5,44.5,0,226.444
30.5,45.5,0,220.563
30.5,46.5,0,214.685
30.5,47.5,0,208.81
30.5,48.5,0,202.936
31.5,0.5,0,496.814
31.5,1.5,0,490.442
31.5,2.5,0,484.072
31.5,3.5,0,477.705
31.5,4.5,0,471.341
31.5,5.5,0,464.981
31.5,6.5,0,458.627
31.5,7.5,0,452.28
31.5,8.5,0,445.94
31.5,9.5,0,439.608
31.5,10.5,0,433.286
31.5,11.5,0,426.973
31.5,12.5,0,420.672
31.5,13.5,0,414.381
31.5,14.5,0,408.103
31.5,15.5,0,401.838
31.5,16.5,0,395.586
31.5,17.5,0,389.349
31.5,18.5,0,383.125
31.5,19.5,0,376.917
31.5,20.5,0,370.723
31.5,21.5,0,364.545
31.5,22.5,0,358.383
31.5,23.5,0,352.237
31.5,24.5,0,346.107
31.5,25.5,0,339.992
31.5,26.5,0,333.894
31.5,27.5,0,327.811
31.5,28.5,0,321.744
31.5,29.5,0,315.693
31.5,30.5,0,309.657
31.5,31.5,0,303.636
31.5,32.5,0,297.629
31.5,33.5,0,291.636
31.5,34.5,0,285.656
31.5,35.5,0,279.689
31.5,36.5,0,273.735
31.5,37.5,0,267.791
31.5,38.5,0,261.859
31.5,39.5,0,255.936
31.5,40.5,0,250.023
31.5,41.5,0,244.118
31.5,42.5,0,238.221
31.5,43.5,0,232.329
31.5,44.5,0,226.444
31.5,45.5,0,220.563
31.5,46.5,0,214.685
31.5,47.5,0,208.81
31.5,48.5,0,202.936
32.5,0.5,0,496.814
32.5,1.5,0,490.442
32.5,2.5,0,484.072
32.5,3.5,0,477.705
32.5,4.5,0,471.341
32.5,5.5,0,464.981
32.5,6.5,0,458.627
32.5,7.5,0,452.28
32.5,8.5,0,445.94
32.5,9.5,0,439.608
32.5,10.5,0,433.286
32.5,11.5,0,426.973
32.5,12.5,0,420.672
32.5,13.5,0,414.381
32.5,14.5,0,408.103
32.5,15.5,0,401.838
32.5,16.5,0,395.586
32.5,17.5,0,389.349
32.5,18.5,0,383.125
32.5,19.5,0,376.917
32.5,20.5,0,370.723
32.5,21.5,0,364.545
32.5,22.5,0,358.383
32.5,23.5,0,352.237
32.5,24.5,0,346.107
32.5,25.5,0,339.992
32.5,26.5,0,333.894
32.5,27.5,0,327.811
32.5,28.5,0,321.744
32.5,29.5,0,315.693
32.5,30.5,0,309.657
32.5,31.5,0,303.636
32.5,32.5,0,297.629
32.5,33.5,0,291.636
32.5,34.5,0,285.656
32.5,35.5,0,279.689
32.5,36.5,0,273.735
32.5,37.5,0,267.791
32.5,38.5,0,261.859
32.5,39.5,0,255.936
32.5,40.5,0,250.023
32.5,41.5,0,244.118
32.5,42.5,0,238.221
32.5,43.5,0,232.329
32.5,44.5,0,226.444
32.5,45.5,0,220.563
32.5,46.5,0,214.685
32.5,47.5,0,208.81
32.5,48.5,0,202.936
33.5,0.5,0,496.814
33.5,1.5,0,490.442
33.5,2.5,0,484.072
33.5,3.5,0,477.705
33.5,4.5,0,471.341
33.5,5.5,0,464.981
33.5,6.5,0,458.627
33.5,7.5,0,452.28
33.5,8.5,0,445.94
33.5,9.5,0,439.608
33.5,10.5,0,433.286
33.5,11.5,0,426.973
33.5,12.5,0,420.672
33.5,13.5,0,414.381
33.5,14.5,0,408.103
33.5,15.5,0,401.838
33.5,16.5,0,395.586
33.5,17.5,0,389.349
33.5,18.5,0,383.125
33.5,19.5,0,376.917
33.5,20.5,0,370.723
33.5,21.5,0,364.545
33.5,22.5,0,358.383
33.5,23.5,0,352.237
33.5,24.5,0,346.107
33.5,25.5,0,339.992
33.5,26.5,0,333.894
33.5,27.5,0,327.811
33.5,28.5,0,321.744
33.5,29.5,0,315.693
33.5,30.5,0,309.657
33.5,31.5,0,303.636
33.5,32.5,0,297.629
33.5,33.5,0,291.636
33.5,34.5,0,285.656
33.5,35.5,0,279.689
33.5,36.5,0,273.735
33.5,37.5,0,267.791
33.5,38.5,0,261.859
33.5,39.5,0,255.936
33.5,40.5,0,250.023
33.5,41.5,0,244.118
33.5,42.5,0,238.221
33.5,43.5,0,232.329
33.5,44.5,0,226.444
33.5,45.5,0,220.563
33.5,46.5,0,214.685
33.5,47.5,0,208.81
33.5,48.5,0,202.936
34.5,0.5,0,496.814
34.5,1.5,0,490.442
34.5,2.5,0,484.072
34.5,3.5,0,477.705
34.5,4.5,0,471.341
34.5,5.5,0,464.981
34.5,6.5,0,458.627
34.5,7.5,0,452.28
34.5,8.5,0,445.94
34.5,9.5,0,439.608
34.5,10.5,0,433.286
34.5,11.5,0,426.973
34.5,12.5,0,420.672
34.5,13.5,0,414.381
34.5,14.5,0,408.103
34.5,15.5,0,401.838
34.5,16.5,0,395.586
34.5,17.5,0,389.349
34.5,18.5,0,383.125
34.5,19.5,0,376.917
34.5,20.5,0,370.723
34.5,21.5,0,364.545
34.5,22.5,0,358.383
34.5,23.5,0,352.237
34.5,24.5,0,346.107
34.5,25.5,0,339.992
34.5,26.5,0,333.894
34.5,27.5,0,327.811
34.5,28.5,0,321.744
34.5,29.5,0,315.693
34.5,30.5,0,309.657
34.5,31.5,0,303.636
34.5,32.5,0,297.629
34.5,33.5,0,291.636
34.5,34.5,0,285.656
34.5,35.5,0,279.689
34.5,36.5,0,273.735
34.5,37.5,0,267.791
34.5,38.5,0,261.859
34.5,39.5,0,255.936
34.5,40.5,0,250.023
34.5,41.5,0,244.118
34.5,42.5,0,238.221
34.5,43.5,0,232.329
34.5,44.5,0,226.444
34.5,45.5,0,220.563
34.5,46.5,0,214.685
34.5,47.5,0,208.81
34.5,48.5,0,202.936
35.5,0.5,0,496.814
35.5,1.5,0,490.442
35.5,2.5,0,484.072
35.5,3.5,0,477.705
35.5,4.5,0,471.341
35.5,5.5,0,464.981
35.5,6.5,0,458.627
35.5,7.5,0,452.28
35.5,8.5,0,445.94
35.5,9.5,0,439.608
35.5,10.5,0,433.286
35.5,11.5,0,426.973
35.5,12.5,0,420.672
35.5,13.5,0,414.381
35.5,14.5,0,408.103
35.5,15.5,0,401.838
35.5,16.5,0,395.586
35.5,17.5,0,389.349
35.5,18.5,0,383.125
35.5,19.5,0,376.917
35.5,20.5,0,370.723
35.5,21.5,0,364.545
35.5,22.5,0,358.383
35.5,23.5,0,352.237
35.5,24.5,0,346.107
35.5,25.5,0,339.992
35.5,26.5,0,333.894
35.5,27.5,0,327.811
35.5,28.5,0,321.744
35.5,29.5,0,315.693
35.5,30.5,0,309.657
35.5,31.5,0,303.636
35.5,32.5,0,297.629
35.5,33.5,0,291.636
35.5,34.5,0,285.656
35.5,35.5,0,279.689
35.5,36.5,0,273.735
35.5,37.5,0,267.791
35.5,38.5,0,261.859
35.5,39.5,0,255.936
35.5,40.5,0,250.023
35.5,41.5,0,244.118
35.5,42.5,0,238.221
35.5,43.5,0,232.329
35.5,44.5,0,226.444
35.5,45.5,0,220.563
35.5,46.5,0,214.685
35.5,47.5,0,208.81
35.5,48.5,0,202.936
36.5,0.5,0,496.814
36.5,1.5,0,490.442
36.5,2.5,0,484.072
36.5,3.5,0,477.705
36.5,4.5,0,471.341
36.5,5.5,0,464.981
36.5,6.5,0,458.627
36.5,7.5,0,452.28
36.5,8.5,0,445.94
36.5,9.5,0,439.608
36.5,10.5,0,433.286
36.5,11.5,0,426.973
36.5,12.5,0,420.672
36.5,13.5,0,414.381
36.5,14.5,0,408.103
36.5,15.5,0,401.838
36.5,16.5,0,395.586
36.5,17.5,0,389.349
36.5,18.5,0,383.125
36.5,19.5,0,376.917
36.5,20.5,0,370.723
36.5,21.5,0,364.545
36.5,22.5,0,358.383
36.5,23.5,0,352.237
36.5,24.5,0,346.107
36.5,25.5,0,339.992
36.5,26.5,0,333.894
36.5,27.5,0,327.811
36.5,28.5,0,321.744
36.5,29.5,0,315.693
36.5,30.5,0,309.657
36.5,31.5,0,303.636
36.5,32.5,0,297.629
36.5,33.5,0,291.636
36.5,34.5,0,285.656
36.5,35.5,0,279.689
36.5,36.5,0,273.735
36.5,37.5,0,267.791
36.5,38.5,0,261.859
36.5,39.5,0,255.936
36.5,40.5,0,250.023
36.5,41.5,0,244.118
36.5,42.5,0,238.221
36.5,43.5,0,232.329
36.5,44.5,0,226.444
36.5,45.5,0,220.563
36.5,46.5,0,214.685
36.5,47.5,0,208.81
36.5,48.5,0,202.936
37.5,0.5,0,496.814
37.5,1.5,0,490.442
37.5,2.5,0,484.072
37.5,3.5,0,477.705
37.5,4.5,0,471.341
37.5,5.5,0,464.981
37.5,6.5,0,458.627
37.5,7.5,0,452.28
37.5,8.5,0,445.94
37.5,9.5,0,439.608
37.5,10.5,0,433.286
37.5,11.5,0,426.973
37.5,12.5,0,420.672
37.5,13.5,0,414.381
37.5,14.5,0,408.103
37.5,15.5,0,401.838
37.5,16.5,0,395.586
37.5,17.5,0,389.349
37.5,18.5,0,383.125
37.5,19.5,0,376.917
37.5,20.5,0,370.723
37.5,21.5,0,364.545
37.5,22.5,0,358.383
37.5,23.5,0,352.237
37.5,24.5,0,346.107
37.5,25.5,0,339.992
37.5,26.5,0,333.894
37.5,27.5,0,327.811
37.5,28.5,0,321.744
37.5,29.5,0,315.693
37.5,30.5,0,309.657
37.5,31.5,0,303.636
37.5,32.5,0,297.629
37.5,33.5,0,291.636
37.5,34.5,0,285.656
37.5,35.5,0,279.689
37.5,36.5,0,273.735
37.5,37.5,0,267.791
37.5,38.5,0,261.859
37.5,39.5,0,255.936
37.5,40.5,0,250.023
37.5,41.5,0,244.118
37.5,42.5,0,238.221
37.5,43.5,0,232.329
37.5,44.5,0,226.444
37.5,45.5,0,220.563
37.5,46.5,0,214.685
37.5,47.5,0,208.81
37.5,48.5,0,202.936
38.5,0.5,0,496.814
38.5,1.5,0,490.442
38.5,2.5,0,484.072
38.5,3.5,0,477.705
38.5,4.5,0,471.341
38.5,5.5,0,464.981
38.5,6.5,0,458.627
38.5,7.5,0,452.28
38.5,8.5,0,445.94
38.5,9.5,0,439.608
38.5,10.5,0,433.286
38.5,11.5,0,426.973
38.5,12.5,0,420.672
38.5,13.5,0,414.381
38.5,14.5,0,408.103
38.5,15.5,0,401.838
38.5,16.5,0,395.586
38.5,17.5,0,389.349
38.5,18.5,0,383.125
38.5,19.5,0,376.917
38.5,20.5,0,370.723
38.5,21.5,0,364.545
38.5,22.5,0,358.383
38.5,23.5,0,352.237
38.5,24.5,0,346.107
38.5,25.5,0,339.992
38.5,26.5,0,333.894
38.5,27.5,0,327.811
38.5,28.5,0,321.744
38.5,29.5,0,315.693
38.5,30.5,0,309.657
38.5,31.5,0,303.636
38.5,32.5,0,297.629
38.5,33.5,0,291.636
38.5,34.5,0,285.656
38.5,35.5,0,279.689
38.5,36.5,0,273.735
38.5,37.5,0,267.791
38.5,38.5,0,261.859
38.5,39.5,0,255.936
38.5,40.5,0,250.023
38.5,41.5,0,244.118
38.5,42.5,0,238.221
38.5,43.5,0,232.329
38.5,44.5,0,226.444
38.5,45.5,0,220.563
38.5,46.5,0,214.685
38.5,47.5,0,208.81
38.5,48.5,0,202.936
39.5,0.5,0,496.814
39.5,1.5,0,490.442
39.5,2.5,0,484.072
39.5,3.5,0,477.705
39.5,4.5,0,471.341
39.5,5.5,0,464.981
39.5,6.5,0,458.627
39.5,7.5,0,452.28
39.5,8.5,0,445.94
39.5,9.5,0,439.608
39.5,10.5,0,433.286
39.5,11.5,0,426.973
39.5,12.5,0,420.672
39.5,13.5,0,414.381
39.5,14.5,0,408.103
39.5,15.5,0,401.838
39.5,16.5,0,395.586
39.5,17.5,0,389.349
39.5,18.5,0,383.125
39.5,19.5,0,376.917
39.5,20.5,0,370.723
39.5,21.5,0,364.545
39.5,22.5,0,358.383
39.5,23.5,0,352.237
39.5,24.5,0,346.107
39.5,25.5,0,339.992
39.5,26.5,0,333.894
39.5,27.5,0,327.811
39.5,28.5,0,321.744
39.5,29.5,0,315.693
39.5,30.5,0,309.657
39.5,31.5,0,303.636
39.5,32.5,0,297.629
39.5,33.5,0,291.636
39.5,34.5,0,285.656
39.5,35.5,0,279.689
39.5,36.5,0,273.735
39.5,37.5,0,267.791
39.5,38.5,0,261.859
39.5,39.5,0,255.936
39.5,40.5,0,250.023
39.5,41.5,0,244.118
39.5,42.5,0,238.221
39.5,43.5,0,232.329
39.5,44.5,0,226.444
39.5,45.5,0,220.563
39.5,46.5,0,214.685
39.5,47.5,0,208.81
39.5,48.5,0,202.936
40.5,0.5,0,496.814
40.5,1.5,0,490.442
40.5,2.5,0,484.072
40.5,3.5,0,477.705
40.5,4.5,0,471.341
40.5,5.5,0,464.981
40.5,6.5,0,458.627
40.5,7.5,0,452.28
40.5,8.5,0,445.94
40.5,9.5,0,439.608
40.5,10.5,0,433.286
40.5,11.5,0,426.973
40.5,12.5,0,420.672
40.5,13.5,0,414.381
40.5,14.5,0,408.103
40.5,15.5,0,401.838
40.5,16.5,0,395.586
40.5,17.5,0,389.349
40.5,18.5,0,383.125
40.5,19.5,0,376.917
40.5,20.5,0,370.723
40.5,21.5,0,364.545
40.5,22.5,0,358.383
40.5,23.5,0,352.237
40.5,24.5,0,346.107
40.5,25.5,0,339.992
40.5,26.5,0,333.894
40.5,27.5,0,327.811
40.5,28.5,0,321.744
40.5,29.5,0,315.693
40.5,30.5,0,309.657
40.5,31.5,0,303.636
40.5,32.5,0,297.629
40.5,33.5,0,291.636
40.5,34.5,0,285.656
40.5,35.5,0,279.689
40.5,36.5,0,273.735
40.5,37.5,0,267.791
40.5,38.5,0,261.859
40.5,39.5,0,255.936
40.5,40.5,0,250.023
40.5,41.5,0,244.118
40.5,42.5,0,238.221
40.5,43.5,0,232.329
40.5,44.5,0,226.444
40.5,45.5,0,220.563
40.5,46.5,0,214.685
40.5,47.5,0,208.81
40.5,48.5,0,202.936
41.5,0.5,0,496.814
41.5,1.5,0,490.442
41.5,2.5,0,484.072
41.5,3.5,0,477.705
41.5,4.5,0,471.341
41.5,5.5,0,464.981
41.5,6.5,0,458.627
41.5,7.5,0,452.28
41.5,8.5,0,445.94
41.5,9.5,0,439.608
41.5,10.5,0,433.286
41.5,11.5,0,426.973
41.5,12.5,0,420.672
41.5,13.5,0,414.381
41.5,14.5,0,408.103
41.5,15.5,0,401.838
41.5,16.5,0,395.586
41.5,17.5,0,389.349
41.5,18.5,0,383.125
41.5,19.5,0,376.917
41.5,20.5,0,370.723
41.5,21.5,0,364.545
41.5,22.5,0,358.383
41.5,23.5,0,352.237
41.5,24.5,0,346.107
41.5,25.5,0,339.992
41.5,26.5,0,333.894
41.5,27.5,0,327.811
41.5,28.5,0,321.744
41.5,29.5,0,315.693
41.5,30.5,0,309.657
41.5,31.5,0,303.636
41.5,32.5,0,297.629
41.5,33.5,0,291.636
41.5,34.5,0,285.656
41.5,35.5,0,279.689
41.5,36.5,0,273.735
41.5,37.5,0,267.791
41.5,38.5,0,261.859
41.5,39.5,0,255.936
41.5,40.5,0,250.023
41.5,41.5,0,244.118
41.5,42.5,0,238.221
41.5,43.5,0,232.329
41.5,44.5,0,226.444
41.5,45.5,0,220.563
41.5,46.5,0,214.685
41.5,47.5,0,208.81
41.5,48.5,0,202.936
42.5,0.5,0,496.814
42.5,1.5,0,490.442
42.5,2.5,0,484.072
42.5,3.5,0,477.705
42.5,4.5,0,471.341
42.5,5.5,0,464.981
42.5,6.5,0,458.627
42.5,7.5,0,452.28
42.5,8.5,0,445.94
42.5,9.5,0,439.608
42.5,10.5,0,433.286
42.5,11.5,0,426.973
42.5,12.5,0,420.672
42.5,13.5,0,414.381
42.5,14.5,0,408.103
42.5,15.5,0,401.838
42.5,16.5,0,395.586
42.5,17.5,0,389.349
42.5,18.5,0,383.125
42.5,19.5,0,376.917
42.5,20.5,0,370.723
42.5,21.5,0,364.545
42.5,22.5,0,358.383
42.5,23.5,0,352.237
42.5,24.5,0,346.107
42.5,25.5,0,339.992
42.5,26.5,0,333.894
42.5,27.5,0,327.811
42.5,28.5,0,321.744
42.5,29.5,0,315.693
42.5,30.5,0,309.657
42.5,31.5,0,303.636
42.5,32.5,0,297.629
42.5,33.5,0,291.636
42.5,34.5,0,285.656
42.5,35.5,0,279.689
42.5,36.5,0,273.735
42.5,37.5,0,267.791
42.5,38.5,0,261.859
42.5,39.5,0,255.936
42.5,40.5,0,250.023
42.5,41.5,0,244.118
42.5,42.5,0,238.221
42.5,43.5,0,232.329
42.5,44.5,0,226.444
42.5,45.5,0,220.563
42.5,46.5,0,214.685
42.5,47.5,0,208.81
42.5,48.5,0,202.936
43.5,0.5,0,496.814
43.5,1.5,0,490.442
43.5,2.5,0,484.072
43.5,3.5,0,477.705
43.5,4.5,0,471.341
43.5,5.5,0,464.981
43.5,6.5,0,458.627
43.5,7.5,0,452.28
43.5,8.5,0,445.94
43.5,9.5,0,439.608
43.5,10.5,0,433.286
43.5,11.5,0,426.973
43.5,12.5,0,420.672
43.5,13.5,0,414.381
43.5,14.5,0,408.103
43.5,15.5,0,401.838
43.5,16.5,0,395.586
43.5,17.5,0,389.349
43.5,18.5,0,383.125
43.5,19.5,0,376.917
43.5,20.5,0,370.723
43.5,21.5,0,364.545
43.5,22.5,0,358.383
43.5,23.5,0,352.237
43.5,24.5,0,346.107
43.5,25.5,0,339.992
43.5,26.5,0,333.894
43.5,27.5,0,327.811
43.5,28.5,0,321.744
43.5,29.5,0,315.693
43.5,30.5,0,309.657
43.5,31.5,0,303.636
43.5,32.5,0,297.629
43.5,33.5,0,291.636
43.5,34.5,0,285.656
43.5,35.5,0,279.689
43.5,36.5,0,273.735
43.5,37.5,0,267.791
43.5,38.5,0,261.859
43.5,39.5,0,255.936
43.5,40.5,0,250.023
43.5,41.5,0,244.118
43.5,42.5,0,238.221
43.5,43.5,0,232.329
43.5,44.5,0,226.444
43.5,45.5,0,220.563
43.5,46.5,0,214.685
43.5,47.5,0,208.81
43.5,48.5,0,202.936
44.5,0.5,0,496.814
44.5,1.5,0,490.442
44.5,2.5,0,484.072
44.5,3.5,0,477.705
44.5,4.5,0,471.341
44.5,5.5,0,464.981
44.5,6.5,0,458.627
44.5,7.5,0,452.28
44.5,8.5,0,445.94
44.5,9.5,0,439.608
44.5,10.5,0,433.286
44.5,11.5,0,426.973
44.5,12.5,0,420.672
44.5,13.5,0,414.381
44.5,14.5,0,408.103
44.5,15.5,0,401.838
44.5,16.5,0,395.586
44.5,17.5,0,389.349
44.5,18.5,0,383.125
44.5,19.5,0,376.917
44.5,20.5,0,370.723
44.5,21.5,0,364.545
44.5,22.5,0,358.383
44.5,23.5,0,352.237
44.5,24.5,0,346.107
44.5,25.5,0,339.992
44.5,26.5,0,333.894
44.5,27.5,0,327.811
44.5,28.5,0,321.744
44.5,29.5,0,315.693
44.5,30.5,0,309.657
44.5,31.5,0,303.636
44.5,32.5,0,297.629
44.5,33.5,0,291.636
44.5,34.5,0,285.656
44.5,35.5,0,279.689
44.5,36.5,0,273.735
44.5,37.5,0,267.791
44.5,38.5,0,261.859
44.5,39.5,0,255.936
44.5,40.5,0,250.023
44.5,41.5,0,244.118
44.5,42.5,0,238.221
44.5,43.5,0,232.329
44.5,44.5,0,226.444
44.5,45.5,0,220.563
44.5,46.5,0,214.685
44.5,47.5,0,208.81
44.5,48.5,0,202.936
45.5,0.5,0,496.814
45.5,1.5,0,490.442
45.5,2.5,0,484.072
45.5,3.5,0,477.705
45.5,4.5,0,471.341
45.5,5.5,0,464.981
45.5,6.5,0,458.627
45.5,7.5,0,452.28
45.5,8.5,0,445.94
45.5,9.5,0,439.608
45.5,10.5,0,433.286
45.5,11.5,0,426.973
45.5,12.5,0,420.672
45.5,13.5,0,414.381
45.5,14.5,0,408.103
45.5,15.5,0,401.838
45.5,16.5,0,395.586
45.5,17.5,0,389.349
45.5,18.5,0,383.125
45.5,19.5,0,376.917
45.5,20.5,0,370.723
45.5,21.5,0,364.545
45.5,22.5,0,358.383
45.5,23.5,0,352.237
45.5,24.5,0,346.107
45.5,25.5,0,339.992
45.5,26.5,0,333.894
45.5,27.5,0,327.811
45.5,28.5,0,321.744
45.5,29.5,0,315.693
45.5,30.5,0,309.657
45.5,31.5,0,303.636
45.5,32.5,0,297.629
45.5,33.5,0,291.636
45.5,34.5,0,285.656
45.5,35.5,0,279.689
45.5,36.5,0,273.735
45.5,37.5,0,267.791
45.5,38.5,0,261.859
45.5,39.5,0,255.936
45.5,40.5,0,250.023
45.5,41.5,0,244.118
45.5,42.5,0,238.221
45.5,43.5,0,232.329
45.5,44.5,0,226.444
45.5,45.5,0,220.563
45.5,46.5,0,214.685
45.5,47.5,0,208.81
45.5,48.5,0,202.936
46.5,0.5,0,496.814
46.5,1.5,0,490.442
46.5,2.5,0,484.072
46.5,3.5,0,477.705
46.5,4.5,0,471.341
46.5,5.5,0,464.981
46.5,6.5,0,458.627
46.5,7.5,0,452.28
46.5,8.5,0,445.94
46.5,9.5,0,439.608
46.5,10.5,0,433.286
46.5,11.5,0,426.973
46.5,12.5,0,420.672
46.5,13.5,0,414.381
46.5,14.5,0,408.103
46.5,15.5,0,401.838
46.5,16.5,0,395.586
46.5,17.5,0,389.349
46.5,18.5,0,383.125
46.5,19.5,0,376.917
46.5,20.5,0,370.723
46.5,21.5,0,364.545
46.5,22.5,0,358.383
46.5,23.5,0,352.237
46.5,24.5,0,346.107
46.5,25.5,0,339.992
46.5,26.5,0,333.894
46.5,27.5,0,327.811
46.5,28.5,0,321.744
46.5,29.5,0,315.693
46.5,30.5,0,309.657
46.5,31.5,0,303.636
46.5,32.5,0,297.629
46.5,33.5,0,291.636
46.5,34.5,0,285.656
46.5,35.5,0,279.689
46.5,36.5,0,273.735
46.5,37.5,0,267.791
46.5,38.5,0,261.859
46.5,39.5,0,255.936
46.5,40.5,0,250.023
46.5,41.5,0,244.118
46.5,42.5,0,238.221
46.5,43.5,0,232.329
46.5,44.5,0,226.444
46.5,45.5,0,220.563
46.5,46.5,0,214.685
46.5,47.5,0,208.81
46.5,48.5,0,202.936
47.5,0.5,0,496.814
47.5,1.5,0,490.442
47.5,2.5,0,484.072
47.5,3.5,0,477.705
47.5,4.5,0,471.341
47.5,5.5,0,464.981
47.5,6.5,0,458.627
47.5,7.5,0,452.28
47.5,8.5,0,445.94
47.5,9.5,0,439.608
47.5,10.5,0,433.286
47.5,11.5,0,426.973
47.5,12.5,0,420.672
47.5,13.5,0,414.381
47.5,14.5,0,408.103
47.5,15.5,0,401.838
47.5,16.5,0,395.586
47.5,17.5,0,389.349
47.5,18.5,0,383.125
47.5,19.5,0,376.917
47.5,20.5,0,370.723
47.5,21.5,0,364.545
47.5,22.5,0,358.383
47.5,23.5,0,352.237
47.5,24.5,0,346.107
47.5,25.5,0,339.992
47.5,26.5,0,333.894
47.5,27.5,0,327.811
47.5,28.5,0,321.744
47.5,29.5,0,315.693
47.5,30.5,0,309.657
47.5,31.5,0,303.636
47.5,32.5,0,297.629
47.5,33.5,0,291.636
47.5,34.5,0,285.656
47.5,35.5,0,279.689
47.5,36.5,0,273.735
47.5,37.5,0,267.791
47.5,38.5,0,261.859
47.5,39.5,0,255.936
47.5,40.5,0,250.023
47.5,41.5,0,244.118
47.5,42.5,0,238.221
47.5,43.5,0,232.329
47.5,44.5,0,226.444
47.5,45.5,0,220.563
47.5,46.5,0,214.685
47.5,47.5,0,208.81
47.5,48.5,0,202.936
48.5,0.5,0,496.814
48.5,1.5,0,490.442
48.5,2.5,0,484.072
48.5,3.5,0,477.705
48.5,4.5,0,471.341
48.5,5.5,0,464.981
48.5,6.5,0,458.627
48.5,7.5,0,452.28
48.5,8.5,0,445.94
48.5,9.5,0,439.608
48.5,10.5,0,433.286
48.5,11.5,0,426.973
48.5,12.5,0,420.672
48.5,13.5,0,414.381
48.5,14.5,0,408.103
48.5,15.5,0,401.838
48.5,16.5,0,395.586
48.5,17.5,0,389.349
48.5,18.5,0,383.125
48.5,19.5,0,376.917
48.5,20.5,0,370.723
48.5,21.5,0,364.545
48.5,22.5,0,358.383
48.5,23.5,0,352.237
48.5,24.5,0,346.107
48.5,25.5,0,339.992
48.5,26.5,0,333.894
48.5,27.5,0,327.811
48.5,28.5,0,321.744
48.5,29.5,0,315.693
48.5,30.5,0,309.657
48.5,31.5,0,303.636
48.5,32.5,0,297.629
48.5,33.5,0,291.636
48.5,34.5,0,285.656
48.5,35.5,0,279.689
48.5,36.5,0,273.735
48.5,37.5,0,267.791
48.5,38.5,0,261.859
48.5,39.5,0,255.936
48.5,40.5,0,250.023
48.5,41.5,0,244.118
48.5,42.5,0,238.221
48.5,43.5,0,232.329
48.5,44.5,0,226.444
48.5,45.5,0,220.563
48.5,46.5,0,214.685
48.5,47.5,0,208.81
48.5,48.5,0,202.936
49.5,0.5,0,496.814
49.5,1.5,0,490.442
49.5,2.5,0,484.072
49.5,3.5,0,477.705
49.5,4.5,0,471.341
49.5,5.5,0,464.981
49.5,6.5,0,458.627
49.5,7.5,0,452.28
49.5,8.5,0,445.94
49.5,9.5,0,439.608
49.5,10.5,0,433.286
49.5,11.5,0,426.973
49.5,12.5,0,420.672
49.5,13.5,0,414.381
49.5,14.5,0,408.103
49.5,15.5,0,401.838
49.5,16.5,0,395.586
49.5,17.5,0,389.349
49.5,18.5,0,383.125
49.5,19.5,0,376.917
49.5,20.5,0,370.723
49.5,21.5,0,364.545
49.5,22.5,0,358.383
49.5,23.5,0,352.237
49.5,24.5,0,346.107
49.5,25.5,0,339.992
49.5,26.5,0,333.894
49.5,27.5,0,327.811
49.5,28.5,0,321.744
49.5,29.5,0,315.693
49.5,30.5,0,309.657
49.5,31.5,0,303.636
49.5,32.5,0,297.629
49.5,33.5,0,291.636
49.5,34.5,0,285.656
49.5,35.5,0,279.689
49.5,36.5,0,273.735
49.5,37.5,0,267.791
49.5,38.5,0,261.859
49.5,39.5,0,255.936
49.5,40.5,0,250.023
49.5,41.5,0,244.118
49.5,42.5,0,238.221
49.5,43.5,0,232.329
49.5,44.5,0,226.444
49.5,45.5,0,220.563
49.5,46.5,0,214.685
49.5,47.5,0,208.81
49.5,48.5,0,202.936
50.5,0.5,0,496.814
50.5,1.5,0,490.442
50.5,2.5,0,484.072
50.5,3.5,0,477.705
50.5,4.5,0,471.341
50.5,5.5,0,464.981
50.5,6.5,0,458.627
50.5,7.5,0,452.28
50.5,8.5,0,445.94
50.5,9.5,0,439.608
50.5,10.5,0,433.286
50.5,11.5,0,426.973
50.5,12.5,0,420.672
50.5,13.5,0,414.381
50.5,14.5,0,408.103
50.5,15.5,0,401.838
50.5,16.5,0,395.586
50.5,17.5,0,389.349
50.5,18.5,0,383.125
50.5,19.5,0,376.917
50.5,20.5,0,370.723
50.5,21.5,0,364.545
50.5,22.5,0,358.383
50.5,23.5,0,352.237
50.5,24.5,0,346.107
50.5,25.5,0,339.992
50.5,26.5,0,333.894
50.5,27.5,0,327.811
50.5,28.5,0,321.744
50.5,29.5,0,315.693
50.5,30.5,0,309.657
50.5,31.5,0,303.636
50.5,32.5,0,297.629
50.5,33.5,0,291.636
50.5,34.5,0,285.656
50.5,35.5,0,279.689
50.5,36.5,0,273.735
50.5,37.5,0,267.791
50.5,38.5,0,261.859
50.5,39.5,0,255.936
50.5,40.5,0,250.023
50.5,41.5,0,244.118
50.5,42.5,0,238.221
50.5,43.5,0,232.329
50.5,44.5,0,226.444
50.5,45.5,0,220.563
50.5,46.5,0,214.685
50.5,47.5,0,208.81
50.5,48.5,0,202.936
51.5,0.5,0,496.814
51.5,1.5,0,490.442
51.5,2.5,0,484.072
51.5,3.5,0,477.705
51.5,4.5,0,471.341
51.5,5.5,0,464.981
51.5,6.5,0,458.627
51.5,7.5,0,452.28
51.5,8.5,0,445.94
51.5,9.5,0,439.608
51.5,10.5,0,433.286
51.5,11.5,0,426.973
51.5,12.5,0,420.672
51.5,13.5,0,414.381
51.5,14.5,0,408.103
51.5,15.5,0,401.838
51.5,16.5,0,395.586
51.5,17.5,0,389.349
51.5,18.5,0,383.125
51.5,19.5,0,376.917
51.5,20.5,0,370.723
51.5,21.5,0,364.545
51.5,22.5,0,358.383
51.5,23.5,0,352.237
51.5,24.5,0,346.107
51.5,25.5,0,339.992
51.5,26.5,0,333.894
51.5,27.5,0,327.811
51.5,28.5,0,321.744
51.5,29.5,0,315.693
51.5,30.5,0,309.657
51.5,31.5,0,303.636
51.5,32.5,0,297.629
51.5,33.5,0,291.636
51.5,34.5,0,285.656
51.5,35.5,0,279.689
51.5,36.5,0,273.735
51.5,37.5,0,267.791
51.5,38.5,0,261.859
51.5,39.5,0,255.936
51.5,40.5,0,250.023
51.5,41.5,0,244.118
51.5,42.5,0,238.221
51.5,43.5,0,232.329
51.5,44.5,0,226.444
51.5,45.5,0,220.563
51.5,46.5,0,214.685
51.5,47.5,0,208.81
51.5,48.5,0,202.936
52.5,0.5,0,496.814
52.5,1.5,0,490.442
52.5,2.5,0,484.072
52.5,3.5,0,477.705
52.5,4.5,0,471.341
52.5,5.5,0,464.981
52.5,6.5,0,458.627
52.5,7.5,0,452.28
52.5,8.5,0,445.94
52.5,9.5,0,439.608
52.5,10.5,0,433.286
52.5,11.5,0,426.973
52.5,12.5,0,420.672
52.5,13.5,0,414.381
52.5,14.5,0,408.103
52.5,15.5,0,401.838
52.5,16.5,0,395.586
52.5,17.5,0,389.349
52.5,18.5,0,383.125
52.5,19.5,0,376.917
52.5,20.5,0,370.723
52.5,21.5,0,364.545
52.5,22.5,0,358.383
52.5,23.5,0,352.237
52.5,24.5,0,346.107
52.5,25.5,0,339.992
52.5,26.5,0,333.894
52.5,27.5,0,327.811
52.5,28.5,0,321.744
52.5,29.5,0,315.693
52.5,30.5,0,309.657
52.5,31.5,0,303.636
52.5,32.5,0,297.629
52.5,33.5,0,291.636
52.5,34.5,0,285.656
52.5,35.5,0,279.689
52.5,36.5,0,273.735
52.5,37.5,0,267.791
52.5,38.5,0,261.859
52.5,39.5,0,255.936
52.5,40.5,0,250.023
52.5,41.5,0,244.118
52.5,42.5,0,238.221
52.5,43.5,0,232.329
52.5,44.5,0,226.444
52.5,45.5,0,220.563
52.5,46.5,0,214.685
52.5,47.5,0,208.81
52.5,48.5,0,202.936
53.5,0.5,0,496.814
53.5,1.5,0,490.442
53.5,2.5,0,484.072
53.5,3.5,0,477.705
53.5,4.5,0,471.341
53.5,5.5,0,464.981
53.5,6.5,0,458.627
53.5,7.5,0,452.28
53.5,8.5,0,445.94
53.5,9.5,0,439.608
53.5,10.5,0,433.286
53.5,11.5,0,426.973
53.5,12.5,0,420.672
53.5,13.5,0,414.381
53.5,14.5,0,408.103
53.5,15.5,0,401.838
53.5,16.5,0,395.586
53.5,17.5,0,389.349
53.5,18.5,0,383.125
53.5,19.5,0,376.917
53.5,20.5,0,370.723
53.5,21.5,0,364.545
53.5,22.5,0,358.383
53.5,23.5,0,352.237
53.5,24.5,0,346.107
53.5,25.5,0,339.992
53.5,26.5,0,333.894
53.5,27.5,0,327.811
53.5,28.5,0,321.744
53.5,29.5,0,315.693
53.5,30.5,0,309.657
53.5,31.5,0,303.636
53.5,32.5,0,297.629
53.5,33.5,0,291.636
53.5,34.5,0,285.656
53.5,35.5,0,279.689
53.5,36.5,0,273.735
53.5,37.5,0,267.791
53.5,38.5,0,261.859
53.5,39.5,0,255.936
53.5,40.5,0,250.023
53.5,41.5,0,244.118
53.5,42.5,0,238.221
53.5,43.5,0,232.329
53.5,44.5,0,226.444
53.5,45.5,0,220.563
53.5,46.5,0,214.685
53.5,47.5,0,208.81
53.5,48.5,0,202.936
54.5,0.5,0,496.814
54.5,1.5,0,490.442
54.5,2.5,0,484.072
54.5,3.5,0,477.705
54.5,4.5,0,471.341
54.5,5.5,0,464.981
54.5,6.5,0,458.627
54.5,7.5,0,452.28
54.5,8.5,0,445.94
54.5,9.5,0,439.608
54.5,10.5,0,433.286
54.5,11.5,0,426.973
54.5,12.5,0,420.672
54.5,13.5,0,414.381
54.5,14.5,0,408.103
54.5,15.5,0,401.838
54.5,16.5,0,395.586
54.5,17.5,0,389.349
54.5,18.5,0,383.125
54.5,19.5,0,376.917
54.5,20.5,0,370.723
54.5,21.5,0,364.545
54.5,22.5,0,358.383
54.5,23.5,0,352.237
54.5,24.5,0,346.107
54.5,25.5,0,339.992
54.5,26.5,0,333.894
54.5,27.5,0,327.811
54.5,28.5,0,321.744
54.5,29.5,0,315.693
54.5,30.5,0,309.657
54.5,31.5,0,303.636
54.5,32.5,0,297.629
54.5,33.5,0,291.636
54.5,34.5,0,285.656
54.5,35.5,0,279.689
54.5,36.5,0,273.735
54.5,37.5,0,267.791
54.5,38.5,0,261.859
54.5,39.5,0,255.936
54.5,40.5,0,250.023
54.5,41.5,0,244.118
54.5,42.5,0,238.221
54.5,43.5,0,232.329
54.5,44.5,0,226.444
54.5,45.5,0,220.563
54.5,46.5,0,214.685
54.5,47.5,0,208.81
54.5,48.5,0,202.936
55.5,0.5,0,496.814
55.5,1.5,0,490.442
55.5,2.5,0,484.072
55.5,3.5,0,477.705
55.5,4.5,0,471.341
55.5,5.5,0,464.981
55.5,6.5,0,458.627
55.5,7.5,0,452.28
55.5,8.5,0,445.94
55.5,9.5,0,439.608
55.5,10.5,0,433.286
55.5,11.5,0,426.973
55.5,12.5,0,420.672
55.5,13.5,0,414.381
55.5,14.5,0,408.103
55.5,15.5,0,401.838
55.5,16.5,0,395.586
55.5,17.5,0,389.349
55.5,18.5,0,383.125
55.5,19.5,0,376.917
55.5,20.5,0,370.723
55.5,21.5,0,364.545
55.5,22.5,0,358.383
55.5,23.5,0,352.237
55.5,24.5,0,346.107
55.5,25.5,0,339.992
55.5,26.5,0,333.894
55.5,27.5,0,327.811
55.5,28.5,0,321.744
55.5,29.5,0,315.693
55.5,30.5,0,309.657
55.5,31.5,0,303.636
55.5,32.5,0,297.629
55.5,33.5,0,291.636
55.5,34.5,0,285.656
55.5,35.5,0,279.689
55.5,36.5,0,273.735
55.5,37.5,0,267.791
55.5,38.5,0,261.859
55.5,39.5,0,255.936
55.5,40.5,0,250.023
55.5,41.5,0,244.118
55.5,42.5,0,238.221
55.5,43.5,0,232.329
55.5,44.5,0,226.444
55.5,45.5,0,220.563
55.5,46.5,0,214.685
55.5,47.5,0,208.81
55.5,48.5,0,202.936
56.5,0.5,0,496.814
56.5,1.5,0,490.442
56.5,2.5,0,484.072
56.5,3.5,0,477.705
56.5,4.5,0,471.341
56.5,5.5,0,464.981
56.5,6.5,0,458.627
56.5,7.5,0,452.28
56.5,8.5,0,445.94
56.5,9.5,0,439.608
56.5,10.5,0,433.286
56.5,11.5,0,426.973
56.5,12.5,0,420.672
56.5,13.5,0,414.381
56.5,14.5,0,408.103
56.5,15.5,0,401.838
56.5,16.5,0,395.586
56.5,17.5,0,389.349
56.5,18.5,0,383.125
56.5,19.5,0,376.917
56.5,20.5,0,370.723
56.5,21.5,0,364.545
56.5,22.5,0,358.383
56.5,23.5,0,352.237
56.5,24.5,0,346.107
56.5,25.5,0,339.992
56.5,26.5,0,333.894
56.5,27.5,0,327.811
56.5,28.5,0,321.744
56.5,29.5,0,315.693
56.5,30.5,0,309.657
56.5,31.5,0,303.636
56.5,32.5,0,297.629
56.5,33.5,0,291.636
56.5,34.5,0,285.656
56.5,35.5,0,279.689
56.5,36.5,0,273.735
56.5,37.5,0,267.791
56.5,38.5,0,261.859
56.5,39.5,0,255.936
56.5,40.5,0,250.023
56.5,41.5,0,244.118
56.5,42.5,0,238.221
56.5,43.5,0,232.329
56.5,44.5,0,226.444
56.5,45.5,0,220.563
56.5,46.5,0,214.685
56.5,47.5,0,208.81
56.5,48.5,0,202.936
57.5,0.5,0,496.814
57.5,1.5,0,490.442
57.5,2.5,0,484.072
57.5,3.5,0,477.705
57.5,4.5,0,471.341
57.5,5.5,0,464.981
57.5,6.5,0,458.627
57.5,7.5,0,452.28
57.5,8.5,0,445.94
57.5,9.5,0,439.608
57.5,10.5,0,433.286
57.5,11.5,0,426.973
57.5,12.5,0,420.672
57.5,13.5,0,414.381
57.5,14.5,0,408.103
57.5,15.5,0,401.838
57.5,16.5,0,395.586
57.5,17.5,0,389.349
57.5,18.5,0,383.125
57.5,19.5,0,376.917
57.5,20.5,0,370.723
57.5,21.5,0,364.545
57.5,22.5,0,358.383
57.5,23.5,0,352.237
57.5,24.5,0,346.107
57.5,25.5,0,339.992
57.5,26.5,0,333.894
57.5,27.5,0,327.811
57.5,28.5,0,321.744
57.5,29.5,0,315.693
57.5,30.5,0,309.657
57.5,31.5,0,303.636
57.5,32.5,0,297.629
57.5,33.5,0,291.636
57.5,34.5,0,285.656
57.5,35.5,0,279.689
57.5,36.5,0,273.735
57.5,37.5,0,267.791
57.5,38.5,0,261.859
57.5,39.5,0,255.936
57.5,40.5,0,250.023
57.5,41.5,0,244.118
57.5,42.5,0,238.221
57.5,43.5,0,232.329
57.5,44.5,0,226.444
57.5,45.5,0,220.563
57.5,46.5,0,214.685
57.5,47.5,0,208.81
57.5,48.5,0,202.936
58.5,0.5,0,496.814
58.5,1.5,0,490.442
58.5,2.5,0,484.072
58.5,3.5,0,477.705
58.5,4.5,0,471.341
58.5,5.5,0,464.981
58.5,6.5,0,458.627
58.5,7.5,0,452.28
58.5,8.5,0,445.94
58.5,9.5,0,439.608
58.5,10.5,0,433.286
58.5,11.5,0,426.973
58.5,12.5,0,420.672
58.5,13.5,0,414.381
58.5,14.5,0,408.103
58.5,15.5,0,401.838
58.5,16.5,0,395.586
58.5,17.5,0,389.349
58.5,18.5,0,383.125
58.5,19.5,0,376.917
58.5,20.5,0,370.723
58.5,21.5,0,364.545
58.5,22.5,0,358.383
58.5,23.5,0,352.237
58.5,24.5,0,346.107
58.5,25.5,0,339.992
58.5,26.5,0,333.894
58.5,27.5,0,327.811
58.5,28.5,0,321.744
58.5,29.5,0,315.693
58.5,30.5,0,309.657
58.5,31.5,0,303.636
58.5,32.5,0,297.629
58.5,33.5,0,291.636
58.5,34.5,0,285.656
58.5,35.5,0,279.689
58.5,36.5,0,273.735
58.5,37.5,0,267.791
58.5,38.5,0,261.859
58.5,39.5,0,255.936
58.5,40.5,0,250.023
58.5,41.5,0,244.118
58.5,42.5,0,238.221
58.5,43.5,0,232.329
58.5,44.5,0,226.444
58.5,45.5,0,220.563
58.5,46.5,0,214.685
58.5,47.5,0,208.81
58.5,48.5,0,202.936
59.5,0.5,0,496.814
59.5,1.5,0,490.442
59.5,2.5,0,484.072
59.5,3.5,0,477.705
59.5,4.5,0,471.341
59.5,5.5,0,464.981
59.5,6.5,0,458.627
59.5,7.5,0,452.28
59.5,8.5,0,445.94
59.5,9.5,0,439.608
59.5,10.5,0,433.286
59.5,11.5,0,426.973
59.5,12.5,0,420.672
59.5,13.5,0,414.381
59.5,14.5,0,408.103
59.5,15.5,0,401.838
59.5,16.5,0,395.586
59.5,17.5,0,389.349
59.5,18.5,0,383.125
59.5,19.5,0,376.917
59.5,20.5,0,370.723
59.5,21.5,0,364.545
59.5,22.5,0,358.383
59.5,23.5,0,352.237
59.5,24.5,0,346.107
59.5,25.5,0,339.992
59.5,26.5,0,333.894
59.5,27.5,0,327.811
59.5,28.5,0,321.744
59.5,29.5,0,315.693
59.5,30.5,0,309.657
59.5,31.5,0,303.636
59.5,32.5,0,297.629
59.5,33.5,0,291.636
59.5,34.5,0,285.656
59.5,35.5,0,279.689
59.5,36.5,0,273.735
59.5,37.5,0,267.791
59.5,38.5,0,261.859
59.5,39.5,0,255.936
59.5,40.5,0,250.023
59.5,41.5,0,244.118
59.5,42.5,0,238.221
59.5,43.5,0,232.329
59.5,44.5,0,226.444
59.5,45.5,0,220.563
59.5,46.5,0,214.685
59.5,47.5,0,208.81
59.5,48.5,0,202.936
60.5,0.5,0,496.814
60.5,1.5,0,490.442
60.5,2.5,0,484.072
60.5,3.5,0,477.705
60.5,4.5,0,471.341
60.5,5.5,0,464.981
60.5,6.5,0,458.627
60.5,7.5,0,452.28
60.5,8.5,0,445.94
60.5,9.5,0,439.608
60.5,10.5,0,433.286
60.5,11.5,0,426.973
60.5,12.5,0,420.672
60.5,13.5,0,414.381
60.5,14.5,0,408.103
60.5,15.5,0,401.838
60.5,16.5,0,395.586
60.5,17.5,0,389.349
60.5,18.5,0,383.125
60.5,19.5,0,376.917
60.5,20.5,0,370.723
60.5,21.5,0,364.545
60.5,22.5,0,358.383
60.5,23.5,0,352.237
60.5,24.5,0,346.107
60.5,25.5,0,339.992
60.5,26.5,0,333.894
60.5,27.5,0,327.811
60.5,28.5,0,321.744
60.5,29.5,0,315.693
60.5,30.5,0,309.657
60.5,31.5,0,303.636
60.5,32.5,0,297.629
60.5,33.5,0,291.636
60.5,34.5,0,285.656
60.5,35.5,0,279.689
60.5,36.5,0,273.735
60.5,37.5,0,267.791
60.5,38.5,0,261.859
60.5,39.5,0,255.936
60.5,40.5,0,250.023
60.5,41.5,0,244.118
60.5,42.5,0,238.221
60.5,43.5,0,232.329
60.5,44.5,0,226.444
60.5,45.5,0,220.563
60.5,46.5,0,214.685
60.5,47.5,0,208.81
60.5,48.5,0,202.936
61.5,0.5,0,496.814
61.5,1.5,0,490.442
61.5,2.5,0,484.072
61.5,3.5,0,477.705
61.5,4.5,0,471.341
61.5,5.5,0,464.981
61.5,6.5,0,458.627
61.5,7.5,0,452.28
61.5,8.5,0,445.94
61.5,9.5,0,439.608
61.5,10.5,0,433.286
61.5,11.5,0,426.973
61.5,12.5,0,420.672
61.5,13.5,0,414.381
61.5,14.5,0,408.103
61.5,15.5,0,401.838
61.5,16.5,0,395.586
61.5,17.5,0,389.349
61.5,18.5,0,383.125
61.5,19.5,0,376.917
61.5,20.5,0,370.723
61.5,21.5,0,364.545
61.5,22.5,0,358.383
61.5,23.5,0,352.237
61.5,24.5,0,346.107
61.5,25.5,0,339.992
61.5,26.5,0,333.894
61.5,27.5,0,327.811
61.5,28.5,0,321.744
61.5,29.5,0,315.693
61.5,30.5,0,309.657
61.5,31.5,0,303.636
61.5,32.5,0,297.629
61.5,33.5,0,291.636
61.5,34.5,0,285.656
61.5,35.5,0,279.689
61.5,36.5,0,273.735
61.5,37.5,0,267.791
61.5,38.5,0,261.859
61.5,39.5,0,255.936
61.5,40.5,0,250.023
61.5,41.5,0,244.118
61.5,42.5,0,238.221
61.5,43.5,0,232.329
61.5,44.5,0,226.444
61.5,45.5,0,220.563
61.5,46.5,0,214.685
61.5,47.5,0,208.81
61.5,48.5,0,202.936
62.5,0.5,0,496.814
62.5,1.5,0,490.442
62.5,2.5,0,484.072
62.5,3.5,0,477.705
62.5,4.5,0,471.341
62.5,5.5,0,464.981
62.5,6.5,0,458.627
62.5,7.5,0,452.28
62.5,8.5,0,445.94
62.5,9.5,0,439.608
62.5,10.5,0,433.286
62.5,11.5,0,426.973
62.5,12.5,0,420.672
62.5,13.5,0,414.381
62.5,14.5,0,408.103
62.5,15.5,0,401.838
62.5,16.5,0,395.586
62.5,17.5,0,389.349
62.5,18.5,0,383.125
62.5,19.5,0,376.917
62.5,20.5,0,370.723
62.5,21.5,0,364.545
62.5,22.5,0,358.383
62.5,23.5,0,352.237
62.5,24.5,0,346.107
62.5,25.5,0,339.992
62.5,26.5,0,333.894
62.5,27.5,0,327.811
62.5,28.5,0,321.744
62.5,29.5,0,315.693
62.5,30.5,0,309.657
62.5,31.5,0,303.636
62.5,32.5,0,297.629
62.5,33.5,0,291.636
62.5,34.5,0,285.656
62.5,35.5,0,279.689
62.5,36.5,0,273.735
62.5,37.5,0,267.791
62.5,38.5,0,261.859
62.5,39.5,0,255.936
62.5,40.5,0,250.023
62.5,41.5,0,244.118
62.5,42.5,0,238.221
62.5,43.5,0,232.329
62.5,44.5,0,226.444
62.5,45.5,0,220.563
62.5,46.5,0,214.685
62.5,47.5,0,208.81
62.5,48.5,0,202.936
