x,y,z,Yw(m)
0.5,0.5,0,7.37319e-313
0.5,1.5,0,7.37319e-313
0.5,2.5,0,7.37319e-313
0.5,3.5,0,7.37319e-313
0.5,4.5,0,7.37319e-313
0.5,5.5,0,7.37319e-313
0.5,6.5,0,7.37319e-313
0.5,7.5,0,7.37319e-313
0.5,8.5,0,7.37319e-313
0.5,9.5,0,7.37319e-313
0.5,10.5,0,7.37319e-313
0.5,11.5,0,7.37319e-313
0.5,12.5,0,7.37319e-313
0.5,13.5,0,7.37319e-313
0.5,14.5,0,7.37319e-313
0.5,15.5,0,7.37319e-313
0.5,16.5,0,7.37319e-313
0.5,17.5,0,7.37319e-313
0.5,18.5,0,7.37319e-313
0.5,19.5,0,7.37319e-313
0.5,20.5,0,7.37319e-313
0.5,21.5,0,7.37319e-313
0.5,22.5,0,7.37319e-313
0.5,23.5,0,7.37319e-313
0.5,24.5,0,7.37319e-313
0.5,25.5,0,7.37319e-313
0.5,26.5,0,7.37319e-313
0.5,27.5,0,7.37319e-313
0.5,28.5,0,7.37319e-313
0.5,29.5,0,7.37319e-313
0.5,30.5,0,7.37319e-313
0.5,31.5,0,7.37319e-313
0.5,32.5,0,7.37319e-313
0.5,33.5,0,7.37319e-313
0.5,34.5,0,7.37319e-313
0.5,35.5,0,7.37319e-313
0.5,36.5,0,7.37319e-313
0.5,37.5,0,7.37319e-313
0.5,38.5,0,7.37319e-313
0.5,39.5,0,7.37319e-313
0.5,40.5,0,7.37319e-313
0.5,41.5,0,7.37319e-313
0.5,42.5,0,7.37319e-313
0.5,43.5,0,7.37319e-313
0.5,44.5,0,7.37319e-313
0.5,45.5,0,7.37319e-313
0.5,46.5,0,7.37319e-313
0.5,47.5,0,7.37319e-313
0.5,48.5,0,7.37319e-313
1.5,0.5,0,7.37319e-313
1.5,1.5,0,1.58114
1.5,2.5,0,1.58114
1.5,3.5,0,1.58114
1.5,4.5,0,1.58114
1.5,5.5,0,1.58114
1.5,6.5,0,1.58114
1.5,7.5,0,1.58114
1.5,8.5,0,1.58114
1.5,9.5,0,1.58114
1.5,10.5,0,1.58114
1.5,11.5,0,1.58114
1.5,12.5,0,1.58114
1.5,13.5,0,1.58114
1.5,14.5,0,1.58114
1.5,15.5,0,1.58114
1.5,16.5,0,1.58114
1.5,17.5,0,1.58114
1.5,18.5,0,1.58114
1.5,19.5,0,1.58114
1.5,20.5,0,1.58114
1.5,21.5,0,1.58114
1.5,22.5,0,1.58114
1.5,23.5,0,1.58114
1.5,24.5,0,1.58114
1.5,25.5,0,1.58114
1.5,26.5,0,1.58114
1.5,27.5,0,1.58114
1.5,28.5,0,1.58114
1.5,29.5,0,1.58114
1.5,30.5,0,1.58114
1.5,31.5,0,1.58114
1.5,32.5,0,1.58114
1.5,33.5,0,1.58114
1.5,34.5,0,1.58114
1.5,35.5,0,1.58114
1.5,36.5,0,1.58114
1.5,37.5,0,1.58114
1.5,38.5,0,1.58114
1.5,39.5,0,1.58114
1.5,40.5,0,1.58114
1.5,41.5,0,1.58114
1.5,42.5,0,1.58114
1.5,43.5,0,1.58114
1.5,44.5,0,1.58114
1.5,45.5,0,1.58114
1.5,46.5,0,1.58114
1.5,47.5,0,1.58114
1.5,48.5,0,9.82499e-310
2.5,0.5,0,7.37319e-313
2.5,1.5,0,1.58114
2.5,2.5,0,2.54951
2.5,3.5,0,2.54951
2.5,4.5,0,2.54951
2.5,5.5,0,2.54951
2.5,6.5,0,2.54951
2.5,7.5,0,2.54951
2.5,8.5,0,2.54951
2.5,9.5,0,2.54951
2.5,10.5,0,2.54951
2.5,11.5,0,2.54951
2.5,12.5,0,2.54951
2.5,13.5,0,2.54951
2.5,14.5,0,2.54951
2.5,15.5,0,2.54951
2.5,16.5,0,2.54951
2.5,17.5,0,2.54951
2.5,18.5,0,2.54951
2.5,19.5,0,2.54951
2.5,20.5,0,2.54951
2.5,21.5,0,2.54951
2.5,22.5,0,2.54951
2.5,23.5,0,2.54951
2.5,24.5,0,2.54951
2.5,25.5,0,2.54951
2.5,26.5,0,2.54951
2.5,27.5,0,2.54951
2.5,28.5,0,2.54951
2.5,29.5,0,2.54951
2.5,30.5,0,2.54951
2.5,31.5,0,2.54951
2.5,32.5,0,2.54951
2.5,33.5,0,2.54951
2.5,34.5,0,2.54951
2.5,35.5,0,2.54951
2.5,36.5,0,2.54951
2.5,37.5,0,2.54951
2.5,38.5,0,2.54951
2.5,39.5,0,2.54951
2.5,40.5,0,2.54951
2.5,41.5,0,2.54951
2.5,42.5,0,2.54951
2.5,43.5,0,2.54951
2.5,44.5,0,2.54951
2.5,45.5,0,2.54951
2.5,46.5,0,2.54951
2.5,47.5,0,1.58114
2.5,48.5,0,9.82499e-310
3.5,0.5,0,7.37319e-313
3.5,1.5,0,1.58114
3.5,2.5,0,2.54951
3.5,3.5,0,3.53553
3.5,4.5,0,3.53553
3.5,5.5,0,3.53553
3.5,6.5,0,3.53553
3.5,7.5,0,3.53553
3.5,8.5,0,3.53553
3.5,9.5,0,3.53553
3.5,10.5,0,3.53553
3.5,11.5,0,3.53553
3.5,12.5,0,3.53553
3.5,13.5,0,3.53553
3.5,14.5,0,3.53553
3.5,15.5,0,3.53553
3.5,16.5,0,3.53553
3.5,17.5,0,3.53553
3.5,18.5,0,3.53553
3.5,19.5,0,3.53553
3.5,20.5,0,3.53553
3.5,21.5,0,3.53553
3.5,22.5,0,3.53553
3.5,23.5,0,3.53553
3.5,24.5,0,3.53553
3.5,25.5,0,3.53553
3.5,26.5,0,3.53553
3.5,27.5,0,3.53553
3.5,28.5,0,3.53553
3.5,29.5,0,3.53553
3.5,30.5,0,3.53553
3.5,31.5,0,3.53553
3.5,32.5,0,3.53553
3.5,33.5,0,3.53553
3.5,34.5,0,3.53553
3.5,35.5,0,3.53553
3.5,36.5,0,3.53553
3.5,37.5,0,3.53553
3.5,38.5,0,3.53553
3.5,39.5,0,3.53553
3.5,40.5,0,3.53553
3.5,41.5,0,3.53553
3.5,42.5,0,3.53553
3.5,43.5,0,3.53553
3.5,44.5,0,3.53553
3.5,45.5,0,3.53553
3.5,46.5,0,2.54951
3.5,47.5,0,1.58114
3.5,48.5,0,9.82499e-310
4.5,0.5,0,7.37319e-313
4.5,1.5,0,1.58114
4.5,2.5,0,2.54951
4.5,3.5,0,3.53553
4.5,4.5,0,4.52769
4.5,5.5,0,4.52769
4.5,6.5,0,4.52769
4.5,7.5,0,4.52769
4.5,8.5,0,4.52769
4.5,9.5,0,4.52769
4.5,10.5,0,4.52769
4.5,11.5,0,4.52769
4.5,12.5,0,4.52769
4.5,13.5,0,4.52769
4.5,14.5,0,4.52769
4.5,15.5,0,4.52769
4.5,16.5,0,4.52769
4.5,17.5,0,4.52769
4.5,18.5,0,4.52769
4.5,19.5,0,4.52769
4.5,20.5,0,4.52769
4.5,21.5,0,4.52769
4.5,22.5,0,4.52769
4.5,23.5,0,4.52769
4.5,24.5,0,4.52769
4.5,25.5,0,4.52769
4.5,26.5,0,4.52769
4.5,27.5,0,4.52769
4.5,28.5,0,4.52769
4.5,29.5,0,4.52769
4.5,30.5,0,4.52769
4.5,31.5,0,4.52769
4.5,32.5,0,4.52769
4.5,33.5,0,4.52769
4.5,34.5,0,4.52769
4.5,35.5,0,4.52769
4.5,36.5,0,4.52769
4.5,37.5,0,4.52769
4.5,38.5,0,4.52769
4.5,39.5,0,4.52769
4.5,40.5,0,4.52769
4.5,41.5,0,4.52769
4.5,42.5,0,4.52769
4.5,43.5,0,4.52769
4.5,44.5,0,4.52769
4.5,45.5,0,3.53553
4.5,46.5,0,2.54951
4.5,47.5,0,1.58114
4.5,48.5,0,9.82499e-310
5.5,0.5,0,7.37319e-313
5.5,1.5,0,1.58114
5.5,2.5,0,2.54951
5.5,3.5,0,3.53553
5.5,4.5,0,4.52769
5.5,5.5,0,5.52268
5.5,6.5,0,5.52268
5.5,7.5,0,5.52268
5.5,8.5,0,5.52268
5.5,9.5,0,5.52268
5.5,10.5,0,5.52268
5.5,11.5,0,5.52268
5.5,12.5,0,5.52268
5.5,13.5,0,5.52268
5.5,14.5,0,5.52268
5.5,15.5,0,5.52268
5.5,16.5,0,5.52268
5.5,17.5,0,5.52268
5.5,18.5,0,5.52268
5.5,19.5,0,5.52268
5.5,20.5,0,5.52268
5.5,21.5,0,5.52268
5.5,22.5,0,5.52268
5.5,23.5,0,5.52268
5.5,24.5,0,5.52268
5.5,25.5,0,5.52268
5.5,26.5,0,5.52268
5.5,27.5,0,5.52268
5.5,28.5,0,5.52268
5.5,29.5,0,5.52268
5.5,30.5,0,5.52268
5.5,31.5,0,5.52268
5.5,32.5,0,5.52268
5.5,33.5,0,5.52268
5.5,34.5,0,5.52268
5.5,35.5,0,5.52268
5.5,36.5,0,5.52268
5.5,37.5,0,5.52268
5.5,38.5,0,5.52268
5.5,39.5,0,5.52268
5.5,40.5,0,5.52268
5.5,41.5,0,5.52268
5.5,42.5,0,5.52268
5.5,43.5,0,5.52268
5.5,44.5,0,4.52769
5.5,45.5,0,3.53553
5.5,46.5,0,2.54951
5.5,47.5,0,1.58114
5.5,48.5,0,9.82499e-310
6.5,0.5,0,7.37319e-313
6.5,1.5,0,1.58114
6.5,2.5,0,2.54951
6.5,3.5,0,3.53553
6.5,4.5,0,4.52769
6.5,5.5,0,5.52268
6.5,6.5,0,6.5192
6.5,7.5,0,6.5192
6.5,8.5,0,6.5192
6.5,9.5,0,6.5192
6.5,10.5,0,6.5192
6.5,11.5,0,6.5192
6.5,12.5,0,6.5192
6.5,13.5,0,6.5192
6.5,14.5,0,6.5192
6.5,15.5,0,6.5192
6.5,16.5,0,6.5192
6.5,17.5,0,6.5192
6.5,18.5,0,6.5192
6.5,19.5,0,6.5192
6.5,20.5,0,6.5192
6.5,21.5,0,6.5192
6.5,22.5,0,6.5192
6.5,23.5,0,6.5192
6.5,24.5,0,6.5192
6.5,25.5,0,6.5192
6.5,26.5,0,6.5192
6.5,27.5,0,6.5192
6.5,28.5,0,6.5192
6.5,29.5,0,6.5192
6.5,30.5,0,6.5192
6.5,31.5,0,6.5192
6.5,32.5,0,6.5192
6.5,33.5,0,6.5192
6.5,34.5,0,6.5192
6.5,35.5,0,6.5192
6.5,36.5,0,6.5192
6.5,37.5,0,6.5192
6.5,38.5,0,6.5192
6.5,39.5,0,6.5192
6.5,40.5,0,6.5192
6.5,41.5,0,6.5192
6.5,42.5,0,6.5192
6.5,43.5,0,5.52268
6.5,44.5,0,4.52769
6.5,45.5,0,3.53553
6.5,46.5,0,2.54951
6.5,47.5,0,1.58114
6.5,48.5,0,9.82499e-310
7.5,0.5,0,7.37319e-313
7.5,1.5,0,1.58114
7.5,2.5,0,2.54951
7.5,3.5,0,3.53553
7.5,4.5,0,4.52769
7.5,5.5,0,5.52268
7.5,6.5,0,6.5192
7.5,7.5,0,7.51665
7.5,8.5,0,7.51665
7.5,9.5,0,7.51665
7.5,10.5,0,7.51665
7.5,11.5,0,7.51665
7.5,12.5,0,7.51665
7.5,13.5,0,7.51665
7.5,14.5,0,7.51665
7.5,15.5,0,7.51665
7.5,16.5,0,7.51665
7.5,17.5,0,7.51665
7.5,18.5,0,7.51665
7.5,19.5,0,7.51665
7.5,20.5,0,7.51665
7.5,21.5,0,7.51665
7.5,22.5,0,7.51665
7.5,23.5,0,7.51665
7.5,24.5,0,7.51665
7.5,25.5,0,7.51665
7.5,26.5,0,7.51665
7.5,27.5,0,7.51665
7.5,28.5,0,7.51665
7.5,29.5,0,7.51665
7.5,30.5,0,7.51665
7.5,31.5,0,7.51665
7.5,32.5,0,7.51665
7.5,33.5,0,7.51665
7.5,34.5,0,7.51665
7.5,35.5,0,7.51665
7.5,36.5,0,7.51665
7.5,37.5,0,7.51665
7.5,38.5,0,7.51665
7.5,39.5,0,7.51665
7.5,40.5,0,7.51665
7.5,41.5,0,7.51665
7.5,42.5,0,6.5192
7.5,43.5,0,5.52268
7.5,44.5,0,4.52769
7.5,45.5,0,3.53553
7.5,46.5,0,2.54951
7.5,47.5,0,1.58114
7.5,48.5,0,9.82499e-310
8.5,0.5,0,7.37319e-313
8.5,1.5,0,1.58114
8.5,2.5,0,2.54951
8.5,3.5,0,3.53553
8.5,4.5,0,4.52769
8.5,5.5,0,5.52268
8.5,6.5,0,6.5192
8.5,7.5,0,7.51665
8.5,8.5,0,8.51469
8.5,9.5,0,8.51469
8.5,10.5,0,8.51469
8.5,11.5,0,8.51469
8.5,12.5,0,8.51469
8.5,13.5,0,8.51469
8.5,14.5,0,8.51469
8.5,15.5,0,8.51469
8.5,16.5,0,8.51469
8.5,17.5,0,8.51469
8.5,18.5,0,8.51469
8.5,19.5,0,8.51469
8.5,20.5,0,8.51469
8.5,21.5,0,8.51469
8.5,22.5,0,8.51469
8.5,23.5,0,8.51469
8.5,24.5,0,8.51469
8.5,25.5,0,8.51469
8.5,26.5,0,8.51469
8.5,27.5,0,8.51469
8.5,28.5,0,8.51469
8.5,29.5,0,8.51469
8.5,30.5,0,8.51469
8.5,31.5,0,8.51469
8.5,32.5,0,8.51469
8.5,33.5,0,8.51469
8.5,34.5,0,8.51469
8.5,35.5,0,8.51469
8.5,36.5,0,8.51469
8.5,37.5,0,8.51469
8.5,38.5,0,8.51469
8.5,39.5,0,8.51469
8.5,40.5,0,8.51469
8.5,41.5,0,7.51665
8.5,42.5,0,6.5192
8.5,43.5,0,5.52268
8.5,44.5,0,4.52769
8.5,45.5,0,3.53553
8.5,46.5,0,2.54951
8.5,47.5,0,1.58114
8.5,48.5,0,9.82499e-310
9.5,0.5,0,7.37319e-313
9.5,1.5,0,1.58114
9.5,2.5,0,2.54951
9.5,3.5,0,3.53553
9.5,4.5,0,4.52769
9.5,5.5,0,5.52268
9.5,6.5,0,6.5192
9.5,7.5,0,7.51665
9.5,8.5,0,8.51469
9.5,9.5,0,9.51315
9.5,10.5,0,9.51315
9.5,11.5,0,9.51315
9.5,12.5,0,9.51315
9.5,13.5,0,9.51315
9.5,14.5,0,9.51315
9.5,15.5,0,9.51315
9.5,16.5,0,9.51315
9.5,17.5,0,9.51315
9.5,18.5,0,9.51315
9.5,19.5,0,9.51315
9.5,20.5,0,9.51315
9.5,21.5,0,9.51315
9.5,22.5,0,9.51315
9.5,23.5,0,9.51315
9.5,24.5,0,9.51315
9.5,25.5,0,9.51315
9.5,26.5,0,9.51315
9.5,27.5,0,9.51315
9.5,28.5,0,9.51315
9.5,29.5,0,9.51315
9.5,30.5,0,9.51315
9.5,31.5,0,9.51315
9.5,32.5,0,9.51315
9.5,33.5,0,9.51315
9.5,34.5,0,9.51315
9.5,35.5,0,9.51315
9.5,36.5,0,9.51315
9.5,37.5,0,9.51315
9.5,38.5,0,9.51315
9.5,39.5,0,9.51315
9.5,40.5,0,8.51469
9.5,41.5,0,7.51665
9.5,42.5,0,6.5192
9.5,43.5,0,5.52268
9.5,44.5,0,4.52769
9.5,45.5,0,3.53553
9.5,46.5,0,2.54951
9.5,47.5,0,1.58114
9.5,48.5,0,9.82499e-310
10.5,0.5,0,7.37319e-313
10.5,1.5,0,1.58114
10.5,2.5,0,2.54951
10.5,3.5,0,3.53553
10.5,4.5,0,4.52769
10.5,5.5,0,5.52268
10.5,6.5,0,6.5192
10.5,7.5,0,7.51665
10.5,8.5,0,8.51469
10.5,9.5,0,9.51315
10.5,10.5,0,10.5119
10.5,11.5,0,10.5119
10.5,12.5,0,10.5119
10.5,13.5,0,10.5119
10.5,14.5,0,10.5119
10.5,15.5,0,10.5119
10.5,16.5,0,10.5119
10.5,17.5,0,10.5119
10.5,18.5,0,10.5119
10.5,19.5,0,10.5119
10.5,20.5,0,10.5119
10.5,21.5,0,10.5119
10.5,22.5,0,10.5119
10.5,23.5,0,10.5119
10.5,24.5,0,10.5119
10.5,25.5,0,10.5119
10.5,26.5,0,10.5119
10.5,27.5,0,10.5119
10.5,28.5,0,10.5119
10.5,29.5,0,10.5119
10.5,30.5,0,10.5119
10.5,31.5,0,10.5119
10.5,32.5,0,10.5119
10.5,33.5,0,10.5119
10.5,34.5,0,10.5119
10.5,35.5,0,10.5119
10.5,36.5,0,10.5119
10.5,37.5,0,10.5119
10.5,38.5,0,10.5119
10.5,39.5,0,9.51315
10.5,40.5,0,8.51469
10.5,41.5,0,7.51665
10.5,42.5,0,6.5192
10.5,43.5,0,5.52268
10.5,44.5,0,4.52769
10.5,45.5,0,3.53553
10.5,46.5,0,2.54951
10.5,47.5,0,1.58114
10.5,48.5,0,9.82499e-310
11.5,0.5,0,7.37319e-313
11.5,1.5,0,1.58114
11.5,2.5,0,2.54951
11.5,3.5,0,3.53553
11.5,4.5,0,4.52769
11.5,5.5,0,5.52268
11.5,6.5,0,6.5192
11.5,7.5,0,7.51665
11.5,8.5,0,8.51469
11.5,9.5,0,9.51315
11.5,10.5,0,10.5119
11.5,11.5,0,11.5109
11.5,12.5,0,11.5109
11.5,13.5,0,11.5109
11.5,14.5,0,11.5109
11.5,15.5,0,11.5109
11.5,16.5,0,11.5109
11.5,17.5,0,11.5109
11.5,18.5,0,11.5109
11.5,19.5,0,11.5109
11.5,20.5,0,11.5109
11.5,21.5,0,11.5109
11.5,22.5,0,11.5109
11.5,23.5,0,11.5109
11.5,24.5,0,11.5109
11.5,25.5,0,11.5109
11.5,26.5,0,11.5109
11.5,27.5,0,11.5109
11.5,28.5,0,11.5109
11.5,29.5,0,11.5109
11.5,30.5,0,11.5109
11.5,31.5,0,11.5109
11.5,32.5,0,11.5109
11.5,33.5,0,11.5109
11.5,34.5,0,11.5109
11.5,35.5,0,11.5109
11.5,36.5,0,11.5109
11.5,37.5,0,11.5109
11.5,38.5,0,10.5119
11.5,39.5,0,9.51315
11.5,40.5,0,8.51469
11.5,41.5,0,7.51665
11.5,42.5,0,6.5192
11.5,43.5,0,5.52268
11.5,44.5,0,4.52769
11.5,45.5,0,3.53553
11.5,46.5,0,2.54951
11.5,47.5,0,1.58114
11.5,48.5,0,9.82499e-310
12.5,0.5,0,7.37319e-313
12.5,1.5,0,1.58114
12.5,2.5,0,2.54951
12.5,3.5,0,3.53553
12.5,4.5,0,4.52769
12.5,5.5,0,5.52268
12.5,6.5,0,6.5192
12.5,7.5,0,7.51665
12.5,8.5,0,8.51469
12.5,9.5,0,9.51315
12.5,10.5,0,10.5119
12.5,11.5,0,11.5109
12.5,12.5,0,12.51
12.5,13.5,0,12.51
12.5,14.5,0,12.51
12.5,15.5,0,12.51
12.5,16.5,0,12.51
12.5,17.5,0,12.51
12.5,18.5,0,12.51
12.5,19.5,0,12.51
12.5,20.5,0,12.51
12.5,21.5,0,12.51
12.5,22.5,0,12.51
12.5,23.5,0,12.51
12.5,24.5,0,12.51
12.5,25.5,0,12.51
12.5,26.5,0,12.51
12.5,27.5,0,12.51
12.5,28.5,0,12.51
12.5,29.5,0,12.51
12.5,30.5,0,12.51
12.5,31.5,0,12.51
12.5,32.5,0,12.51
12.5,33.5,0,12.51
12.5,34.5,0,12.51
12.5,35.5,0,12.51
12.5,36.5,0,12.51
12.5,37.5,0,11.5109
12.5,38.5,0,10.5119
12.5,39.5,0,9.51315
12.5,40.5,0,8.51469
12.5,41.5,0,7.51665
12.5,42.5,0,6.5192
12.5,43.5,0,5.52268
12.5,44.5,0,4.52769
12.5,45.5,0,3.53553
12.5,46.5,0,2.54951
12.5,47.5,0,1.58114
12.5,48.5,0,9.82499e-310
13.5,0.5,0,7.37319e-313
13.5,1.5,0,1.58114
13.5,2.5,0,2.54951
13.5,3.5,0,3.53553
13.5,4.5,0,4.52769
13.5,5.5,0,5.52268
13.5,6.5,0,6.5192
13.5,7.5,0,7.51665
13.5,8.5,0,8.51469
13.5,9.5,0,9.51315
13.5,10.5,0,10.5119
13.5,11.5,0,11.5109
13.5,12.5,0,12.51
13.5,13.5,0,13.5093
13.5,14.5,0,13.5093
13.5,15.5,0,13.5093
13.5,16.5,0,13.5093
13.5,17.5,0,13.5093
13.5,18.5,0,13.5093
13.5,19.5,0,13.5093
13.5,20.5,0,13.5093
13.5,21.5,0,13.5093
13.5,22.5,0,13.5093
13.5,23.5,0,13.5093
13.5,24.5,0,13.5093
13.5,25.5,0,13.5093
13.5,26.5,0,13.5093
13.5,27.5,0,13.5093
13.5,28.5,0,13.5093
13.5,29.5,0,13.5093
13.5,30.5,0,13.5093
13.5,31.5,0,13.5093
13.5,32.5,0,13.5093
13.5,33.5,0,13.5093
13.5,34.5,0,13.5093
13.5,35.5,0,13.5093
13.5,36.5,0,12.51
13.5,37.5,0,11.5109
13.5,38.5,0,10.5119
13.5,39.5,0,9.51315
13.5,40.5,0,8.51469
13.5,41.5,0,7.51665
13.5,42.5,0,6.5192
13.5,43.5,0,5.52268
13.5,44.5,0,4.52769
13.5,45.5,0,3.53553
13.5,46.5,0,2.54951
13.5,47.5,0,1.58114
13.5,48.5,0,9.82499e-310
14.5,0.5,0,7.37319e-313
14.5,1.5,0,1.58114
14.5,2.5,0,2.54951
14.5,3.5,0,3.53553
14.5,4.5,0,4.52769
14.5,5.5,0,5.52268
14.5,6.5,0,6.5192
14.5,7.5,0,7.51665
14.5,8.5,0,8.51469
14.5,9.5,0,9.51315
14.5,10.5,0,10.5119
14.5,11.5,0,11.5109
14.5,12.5,0,12.51
14.5,13.5,0,13.5093
14.5,14.5,0,14.5086
14.5,15.5,0,14.5086
14.5,16.5,0,14.5086
14.5,17.5,0,14.5086
14.5,18.5,0,14.5086
14.5,19.5,0,14.5086
14.5,20.5,0,14.5086
14.5,21.5,0,14.5086
14.5,22.5,0,14.5086
14.5,23.5,0,14.5086
14.5,24.5,0,14.5086
14.5,25.5,0,14.5086
14.5,26.5,0,14.5086
14.5,27.5,0,14.5086
14.5,28.5,0,14.5086
14.5,29.5,0,14.5086
14.5,30.5,0,14.5086
14.5,31.5,0,14.5086
14.5,32.5,0,14.5086
14.5,33.5,0,14.5086
14.5,34.5,0,14.5086
14.5,35.5,0,13.5093
14.5,36.5,0,12.51
14.5,37.5,0,11.5109
14.5,38.5,0,10.5119
14.5,39.5,0,9.51315
14.5,40.5,0,8.51469
14.5,41.5,0,7.51665
14.5,42.5,0,6.5192
14.5,43.5,0,5.52268
14.5,44.5,0,4.52769
14.5,45.5,0,3.53553
14.5,46.5,0,2.54951
14.5,47.5,0,1.58114
14.5,48.5,0,9.82499e-310
15.5,0.5,0,7.37319e-313
15.5,1.5,0,1.58114
15.5,2.5,0,2.54951
15.5,3.5,0,3.53553
15.5,4.5,0,4.52769
15.5,5.5,0,5.52268
15.5,6.5,0,6.5192
15.5,7.5,0,7.51665
15.5,8.5,0,8.51469
15.5,9.5,0,9.51315
15.5,10.5,0,10.5119
15.5,11.5,0,11.5109
15.5,12.5,0,12.51
15.5,13.5,0,13.5093
15.5,14.5,0,14.5086
15.5,15.5,0,15.5081
15.5,16.5,0,15.5081
15.5,17.5,0,15.5081
15.5,18.5,0,15.5081
15.5,19.5,0,15.5081
15.5,20.5,0,15.5081
15.5,21.5,0,15.5081
15.5,22.5,0,15.5081
15.5,23.5,0,15.5081
15.5,24.5,0,15.5081
15.5,25.5,0,15.5081
15.5,26.5,0,15.5081
15.5,27.5,0,15.5081
15.5,28.5,0,15.5081
15.5,29.5,0,15.5081
15.5,30.5,0,15.5081
15.5,31.5,0,15.5081
15.5,32.5,0,15.5081
15.5,33.5,0,15.5081
15.5,34.5,0,14.5086
15.5,35.5,0,13.5093
15.5,36.5,0,12.51
15.5,37.5,0,11.5109
15.5,38.5,0,10.5119
15.5,39.5,0,9.51315
15.5,40.5,0,8.51469
15.5,41.5,0,7.51665
15.5,42.5,0,6.5192
15.5,43.5,0,5.52268
15.5,44.5,0,4.52769
15.5,45.5,0,3.53553
15.5,46.5,0,2.54951
15.5,47.5,0,1.58114
15.5,48.5,0,9.82499e-310
16.5,0.5,0,7.37319e-313
16.5,1.5,0,1.58114
16.5,2.5,0,2.54951
16.5,3.5,0,3.53553
16.5,4.5,0,4.52769
16.5,5.5,0,5.52268
16.5,6.5,0,6.5192
16.5,7.5,0,7.51665
16.5,8.5,0,8.51469
16.5,9.5,0,9.51315
16.5,10.5,0,10.5119
16.5,11.5,0,11.5109
16.5,12.5,0,12.51
16.5,13.5,0,13.5093
16.5,14.5,0,14.5086
16.5,15.5,0,15.5081
16.5,16.5,0,16.5076
16.5,17.5,0,16.5076
16.5,18.5,0,16.5076
16.5,19.5,0,16.5076
16.5,20.5,0,16.5076
16.5,21.5,0,16.5076
16.5,22.5,0,16.5076
16.5,23.5,0,16.5076
16.5,24.5,0,16.5076
16.5,25.5,0,16.5076
16.5,26.5,0,16.5076
16.5,27.5,0,16.5076
16.5,28.5,0,16.5076
16.5,29.5,0,16.5076
16.5,30.5,0,16.5076
16.5,31.5,0,16.5076
16.5,32.5,0,16.5076
16.5,33.5,0,15.5081
16.5,34.5,0,14.5086
16.5,35.5,0,13.5093
16.5,36.5,0,12.51
16.5,37.5,0,11.5109
16.5,38.5,0,10.5119
16.5,39.5,0,9.51315
16.5,40.5,0,8.51469
16.5,41.5,0,7.51665
16.5,42.5,0,6.5192
16.5,43.5,0,5.52268
16.5,44.5,0,4.52769
16.5,45.5,0,3.53553
16.5,46.5,0,2.54951
16.5,47.5,0,1.58114
16.5,48.5,0,9.82499e-310
17.5,0.5,0,7.37319e-313
17.5,1.5,0,1.58114
17.5,2.5,0,2.54951
17.5,3.5,0,3.53553
17.5,4.5,0,4.52769
17.5,5.5,0,5.52268
17.5,6.5,0,6.5192
17.5,7.5,0,7.51665
17.5,8.5,0,8.51469
17.5,9.5,0,9.51315
17.5,10.5,0,10.5119
17.5,11.5,0,11.5109
17.5,12.5,0,12.51
17.5,13.5,0,13.5093
17.5,14.5,0,14.5086
17.5,15.5,0,15.5081
17.5,16.5,0,16.5076
17.5,17.5,0,17.5071
17.5,18.5,0,17.5071
17.5,19.5,0,17.5071
17.5,20.5,0,17.5071
17.5,21.5,0,17.5071
17.5,22.5,0,17.5071
17.5,23.5,0,17.5071
17.5,24.5,0,17.5071
17.5,25.5,0,17.5071
17.5,26.5,0,17.5071
17.5,27.5,0,17.5071
17.5,28.5,0,17.5071
17.5,29.5,0,17.5071
17.5,30.5,0,17.5071
17.5,31.5,0,17.5071
17.5,32.5,0,16.5076
17.5,33.5,0,15.5081
17.5,34.5,0,14.5086
17.5,35.5,0,13.5093
17.5,36.5,0,12.51
17.5,37.5,0,11.5109
17.5,38.5,0,10.5119
17.5,39.5,0,9.51315
17.5,40.5,0,8.51469
17.5,41.5,0,7.51665
17.5,42.5,0,6.5192
17.5,43.5,0,5.52268
17.5,44.5,0,4.52769
17.5,45.5,0,3.53553
17.5,46.5,0,2.54951
17.5,47.5,0,1.58114
17.5,48.5,0,9.82499e-310
18.5,0.5,0,7.37319e-313
18.5,1.5,0,1.58114
18.5,2.5,0,2.54951
18.5,3.5,0,3.53553
18.5,4.5,0,4.52769
18.5,5.5,0,5.52268
18.5,6.5,0,6.5192
18.5,7.5,0,7.51665
18.5,8.5,0,8.51469
18.5,9.5,0,9.51315
18.5,10.5,0,10.5119
18.5,11.5,0,11.5109
18.5,12.5,0,12.51
18.5,13.5,0,13.5093
18.5,14.5,0,14.5086
18.5,15.5,0,15.5081
18.5,16.5,0,16.5076
18.5,17.5,0,17.5071
18.5,18.5,0,18.5068
18.5,19.5,0,18.5068
18.5,20.5,0,18.5068
18.5,21.5,0,18.5068
18.5,22.5,0,18.5068
18.5,23.5,0,18.5068
18.5,24.5,0,18.5068
18.5,25.5,0,18.5068
18.5,26.5,0,18.5068
18.5,27.5,0,18.5068
18.5,28.5,0,18.5068
18.5,29.5,0,18.5068
18.5,30.5,0,18.5068
18.5,31.5,0,17.5071
18.5,32.5,0,16.5076
18.5,33.5,0,15.5081
18.5,34.5,0,14.5086
18.5,35.5,0,13.5093
18.5,36.5,0,12.51
18.5,37.5,0,11.5109
18.5,38.5,0,10.5119
18.5,39.5,0,9.51315
18.5,40.5,0,8.51469
18.5,41.5,0,7.51665
18.5,42.5,0,6.5192
18.5,43.5,0,5.52268
18.5,44.5,0,4.52769
18.5,45.5,0,3.53553
18.5,46.5,0,2.54951
18.5,47.5,0,1.58114
18.5,48.5,0,9.82499e-310
19.5,0.5,0,7.37319e-313
19.5,1.5,0,1.58114
19.5,2.5,0,2.54951
19.5,3.5,0,3.53553
19.5,4.5,0,4.52769
19.5,5.5,0,5.52268
19.5,6.5,0,6.5192
19.5,7.5,0,7.51665
19.5,8.5,0,8.51469
19.5,9.5,0,9.51315
19.5,10.5,0,10.5119
19.5,11.5,0,11.5109
19.5,12.5,0,12.51
19.5,13.5,0,13.5093
19.5,14.5,0,14.5086
19.5,15.5,0,15.5081
19.5,16.5,0,16.5076
19.5,17.5,0,17.5071
19.5,18.5,0,18.5068
19.5,19.5,0,19.5064
19.5,20.5,0,19.5064
19.5,21.5,0,19.5064
19.5,22.5,0,19.5064
19.5,23.5,0,19.5064
19.5,24.5,0,19.5064
19.5,25.5,0,19.5064
19.5,26.5,0,19.5064
19.5,27.5,0,19.5064
19.5,28.5,0,19.5064
19.5,29.5,0,19.5064
19.5,30.5,0,18.5068
19.5,31.5,0,17.5071
19.5,32.5,0,16.5076
19.5,33.5,0,15.5081
19.5,34.5,0,14.5086
19.5,35.5,0,13.5093
19.5,36.5,0,12.51
19.5,37.5,0,11.5109
19.5,38.5,0,10.5119
19.5,39.5,0,9.51315
19.5,40.5,0,8.51469
19.5,41.5,0,7.51665
19.5,42.5,0,6.5192
19.5,43.5,0,5.52268
19.5,44.5,0,4.52769
19.5,45.5,0,3.53553
19.5,46.5,0,2.54951
19.5,47.5,0,1.58114
19.5,48.5,0,9.82499e-310
20.5,0.5,0,7.37319e-313
20.5,1.5,0,1.58114
20.5,2.5,0,2.54951
20.5,3.5,0,3.53553
20.5,4.5,0,4.52769
20.5,5.5,0,5.52268
20.5,6.5,0,6.5192
20.5,7.5,0,7.51665
20.5,8.5,0,8.51469
20.5,9.5,0,9.51315
20.5,10.5,0,10.5119
20.5,11.5,0,11.5109
20.5,12.5,0,12.51
20.5,13.5,0,13.5093
20.5,14.5,0,14.5086
20.5,15.5,0,15.5081
20.5,16.5,0,16.5076
20.5,17.5,0,17.5071
20.5,18.5,0,18.5068
20.5,19.5,0,19.5064
20.5,20.5,0,20.5061
20.5,21.5,0,20.5061
20.5,22.5,0,20.5061
20.5,23.5,0,20.5061
20.5,24.5,0,20.5061
20.5,25.5,0,20.5061
20.5,26.5,0,20.5061
20.5,27.5,0,20.5061
20.5,28.5,0,20.5061
20.5,29.5,0,19.5064
20.5,30.5,0,18.5068
20.5,31.5,0,17.5071
20.5,32.5,0,16.5076
20.5,33.5,0,15.5081
20.5,34.5,0,14.5086
20.5,35.5,0,13.5093
20.5,36.5,0,12.51
20.5,37.5,0,11.5109
20.5,38.5,0,10.5119
20.5,39.5,0,9.51315
20.5,40.5,0,8.51469
20.5,41.5,0,7.51665
20.5,42.5,0,6.5192
20.5,43.5,0,5.52268
20.5,44.5,0,4.52769
20.5,45.5,0,3.53553
20.5,46.5,0,2.54951
20.5,47.5,0,1.58114
20.5,48.5,0,9.82499e-310
21.5,0.5,0,7.37319e-313
21.5,1.5,0,1.58114
21.5,2.5,0,2.54951
21.5,3.5,0,3.53553
21.5,4.5,0,4.52769
21.5,5.5,0,5.52268
21.5,6.5,0,6.5192
21.5,7.5,0,7.51665
21.5,8.5,0,8.51469
21.5,9.5,0,9.51315
21.5,10.5,0,10.5119
21.5,11.5,0,11.5109
21.5,12.5,0,12.51
21.5,13.5,0,13.5093
21.5,14.5,0,14.5086
21.5,15.5,0,15.5081
21.5,16.5,0,16.5076
21.5,17.5,0,17.5071
21.5,18.5,0,18.5068
21.5,19.5,0,19.5064
21.5,20.5,0,20.5061
21.5,21.5,0,21.5058
21.5,22.5,0,21.5058
21.5,23.5,0,21.5058
21.5,24.5,0,21.5058
21.5,25.5,0,21.5058
21.5,26.5,0,21.5058
21.5,27.5,0,21.5058
21.5,28.5,0,20.5061
21.5,29.5,0,19.5064
21.5,30.5,0,18.5068
21.5,31.5,0,17.5071
21.5,32.5,0,16.5076
21.5,33.5,0,15.5081
21.5,34.5,0,14.5086
21.5,35.5,0,13.5093
21.5,36.5,0,12.51
21.5,37.5,0,11.5109
21.5,38.5,0,10.5119
21.5,39.5,0,9.51315
21.5,40.5,0,8.51469
21.5,41.5,0,7.51665
21.5,42.5,0,6.5192
21.5,43.5,0,5.52268
21.5,44.5,0,4.52769
21.5,45.5,0,3.53553
21.5,46.5,0,2.54951
21.5,47.5,0,1.58114
21.5,48.5,0,9.82499e-310
22.5,0.5,0,7.37319e-313
22.5,1.5,0,1.58114
22.5,2.5,0,2.54951
22.5,3.5,0,3.53553
22.5,4.5,0,4.52769
22.5,5.5,0,5.52268
22.5,6.5,0,6.5192
22.5,7.5,0,7.51665
22.5,8.5,0,8.51469
22.5,9.5,0,9.51315
22.5,10.5,0,10.5119
22.5,11.5,0,11.5109
22.5,12.5,0,12.51
22.5,13.5,0,13.5093
22.5,14.5,0,14.5086
22.5,15.5,0,15.5081
22.5,16.5,0,16.5076
22.5,17.5,0,17.5071
22.5,18.5,0,18.5068
22.5,19.5,0,19.5064
22.5,20.5,0,20.5061
22.5,21.5,0,21.5058
22.5,22.5,0,22.5056
22.5,23.5,0,22.5056
22.5,24.5,0,22.5056
22.5,25.5,0,22.5056
22.5,26.5,0,22.5056
22.5,27.5,0,21.5058
22.5,28.5,0,20.5061
22.5,29.5,0,19.5064
22.5,30.5,0,18.5068
22.5,31.5,0,17.5071
22.5,32.5,0,16.5076
22.5,33.5,0,15.5081
22.5,34.5,0,14.5086
22.5,35.5,0,13.5093
22.5,36.5,0,12.51
22.5,37.5,0,11.5109
22.5,38.5,0,10.5119
22.5,39.5,0,9.51315
22.5,40.5,0,8.51469
22.5,41.5,0,7.51665
22.5,42.5,0,6.5192
22.5,43.5,0,5.52268
22.5,44.5,0,4.52769
22.5,45.5,0,3.53553
22.5,46.5,0,2.54951
22.5,47.5,0,1.58114
22.5,48.5,0,9.82499e-310
23.5,0.5,0,7.37319e-313
23.5,1.5,0,1.58114
23.5,2.5,0,2.54951
23.5,3.5,0,3.53553
23.5,4.5,0,4.52769
23.5,5.5,0,5.52268
23.5,6.5,0,6.5192
23.5,7.5,0,7.51665
23.5,8.5,0,8.51469
23.5,9.5,0,9.51315
23.5,10.5,0,10.5119
23.5,11.5,0,11.5109
23.5,12.5,0,12.51
23.5,13.5,0,13.5093
23.5,14.5,0,14.5086
23.5,15.5,0,15.5081
23.5,16.5,0,16.5076
23.5,17.5,0,17.5071
23.5,18.5,0,18.5068
23.5,19.5,0,19.5064
23.5,20.5,0,20.5061
23.5,21.5,0,21.5058
23.5,22.5,0,22.5056
23.5,23.5,0,23.5053
23.5,24.5,0,23.5053
23.5,25.5,0,23.5053
23.5,26.5,0,22.5056
23.5,27.5,0,21.5058
23.5,28.5,0,20.5061
23.5,29.5,0,19.5064
23.5,30.5,0,18.5068
23.5,31.5,0,17.5071
23.5,32.5,0,16.5076
23.5,33.5,0,15.5081
23.5,34.5,0,14.5086
23.5,35.5,0,13.5093
23.5,36.5,0,12.51
23.5,37.5,0,11.5109
23.5,38.5,0,10.5119
23.5,39.5,0,9.51315
23.5,40.5,0,8.51469
23.5,41.5,0,7.51665
23.5,42.5,0,6.5192
23.5,43.5,0,5.52268
23.5,44.5,0,4.52769
23.5,45.5,0,3.53553
23.5,46.5,0,2.54951
23.5,47.5,0,1.58114
23.5,48.5,0,9.82499e-310
24.5,0.5,0,7.37319e-313
24.5,1.5,0,1.58114
24.5,2.5,0,2.54951
24.5,3.5,0,3.53553
24.5,4.5,0,4.52769
24.5,5.5,0,5.52268
24.5,6.5,0,6.5192
24.5,7.5,0,7.51665
24.5,8.5,0,8.51469
24.5,9.5,0,9.51315
24.5,10.5,0,10.5119
24.5,11.5,0,11.5109
24.5,12.5,0,12.51
24.5,13.5,0,13.5093
24.5,14.5,0,14.5086
24.5,15.5,0,15.5081
24.5,16.5,0,16.5076
24.5,17.5,0,17.5071
24.5,18.5,0,18.5068
24.5,19.5,0,19.5064
24.5,20.5,0,20.5061
24.5,21.5,0,21.5058
24.5,22.5,0,22.5056
24.5,23.5,0,23.5053
24.5,24.5,0,24.5051
24.5,25.5,0,23.5053
24.5,26.5,0,22.5056
24.5,27.5,0,21.5058
24.5,28.5,0,20.5061
24.5,29.5,0,19.5064
24.5,30.5,0,18.5068
24.5,31.5,0,17.5071
24.5,32.5,0,16.5076
24.5,33.5,0,15.5081
24.5,34.5,0,14.5086
24.5,35.5,0,13.5093
24.5,36.5,0,12.51
24.5,37.5,0,11.5109
24.5,38.5,0,10.5119
24.5,39.5,0,9.51315
24.5,40.5,0,8.51469
24.5,41.5,0,7.51665
24.5,42.5,0,6.5192
24.5,43.5,0,5.52268
24.5,44.5,0,4.52769
24.5,45.5,0,3.53553
24.5,46.5,0,2.54951
24.5,47.5,0,1.58114
24.5,48.5,0,9.82499e-310
25.5,0.5,0,7.37319e-313
25.5,1.5,0,1.58114
25.5,2.5,0,2.54951
25.5,3.5,0,3.53553
25.5,4.5,0,4.52769
25.5,5.5,0,5.52268
25.5,6.5,0,6.5192
25.5,7.5,0,7.51665
25.5,8.5,0,8.51469
25.5,9.5,0,9.51315
25.5,10.5,0,10.5119
25.5,11.5,0,11.5109
25.5,12.5,0,12.51
25.5,13.5,0,13.5093
25.5,14.5,0,14.5086
25.5,15.5,0,15.5081
25.5,16.5,0,16.5076
25.5,17.5,0,17.5071
25.5,18.5,0,18.5068
25.5,19.5,0,19.5064
25.5,20.5,0,20.5061
25.5,21.5,0,21.5058
25.5,22.5,0,22.5056
25.5,23.5,0,23.5053
25.5,24.5,0,24.5051
25.5,25.5,0,23.5053
25.5,26.5,0,22.5056
25.5,27.5,0,21.5058
25.5,28.5,0,20.5061
25.5,29.5,0,19.5064
25.5,30.5,0,18.5068
25.5,31.5,0,17.5071
25.5,32.5,0,16.5076
25.5,33.5,0,15.5081
25.5,34.5,0,14.5086
25.5,35.5,0,13.5093
25.5,36.5,0,12.51
25.5,37.5,0,11.5109
25.5,38.5,0,10.5119
25.5,39.5,0,9.51315
25.5,40.5,0,8.51469
25.5,41.5,0,7.51665
25.5,42.5,0,6.5192
25.5,43.5,0,5.52268
25.5,44.5,0,4.52769
25.5,45.5,0,3.53553
25.5,46.5,0,2.54951
25.5,47.5,0,1.58114
25.5,48.5,0,9.82499e-310
26.5,0.5,0,7.37319e-313
26.5,1.5,0,1.58114
26.5,2.5,0,2.54951
26.5,3.5,0,3.53553
26.5,4.5,0,4.52769
26.5,5.5,0,5.52268
26.5,6.5,0,6.5192
26.5,7.5,0,7.51665
26.5,8.5,0,8.51469
26.5,9.5,0,9.51315
26.5,10.5,0,10.5119
26.5,11.5,0,11.5109
26.5,12.5,0,12.51
26.5,13.5,0,13.5093
26.5,14.5,0,14.5086
26.5,15.5,0,15.5081
26.5,16.5,0,16.5076
26.5,17.5,0,17.5071
26.5,18.5,0,18.5068
26.5,19.5,0,19.5064
26.5,20.5,0,20.5061
26.5,21.5,0,21.5058
26.5,22.5,0,22.5056
26.5,23.5,0,23.5053
26.5,24.5,0,24.5051
26.5,25.5,0,23.5053
26.5,26.5,0,22.5056
26.5,27.5,0,21.5058
26.5,28.5,0,20.5061
26.5,29.5,0,19.5064
26.5,30.5,0,18.5068
26.5,31.5,0,17.5071
26.5,32.5,0,16.5076
26.5,33.5,0,15.5081
26.5,34.5,0,14.5086
26.5,35.5,0,13.5093
26.5,36.5,0,12.51
26.5,37.5,0,11.5109
26.5,38.5,0,10.5119
26.5,39.5,0,9.51315
26.5,40.5,0,8.51469
26.5,41.5,0,7.51665
26.5,42.5,0,6.5192
26.5,43.5,0,5.52268
26.5,44.5,0,4.52769
26.5,45.5,0,3.53553
26.5,46.5,0,2.54951
26.5,47.5,0,1.58114
26.5,48.5,0,9.82499e-310
27.5,0.5,0,7.37319e-313
27.5,1.5,0,1.58114
27.5,2.5,0,2.54951
27.5,3.5,0,3.53553
27.5,4.5,0,4.52769
27.5,5.5,0,5.52268
27.5,6.5,0,6.5192
27.5,7.5,0,7.51665
27.5,8.5,0,8.51469
27.5,9.5,0,9.51315
27.5,10.5,0,10.5119
27.5,11.5,0,11.5109
27.5,12.5,0,12.51
27.5,13.5,0,13.5093
27.5,14.5,0,14.5086
27.5,15.5,0,15.5081
27.5,16.5,0,16.5076
27.5,17.5,0,17.5071
27.5,18.5,0,18.5068
27.5,19.5,0,19.5064
27.5,20.5,0,20.5061
27.5,21.5,0,21.5058
27.5,22.5,0,22.5056
27.5,23.5,0,23.5053
27.5,24.5,0,24.5051
27.5,25.5,0,23.5053
27.5,26.5,0,22.5056
27.5,27.5,0,21.5058
27.5,28.5,0,20.5061
27.5,29.5,0,19.5064
27.5,30.5,0,18.5068
27.5,31.5,0,17.5071
27.5,32.5,0,16.5076
27.5,33.5,0,15.5081
27.5,34.5,0,14.5086
27.5,35.5,0,13.5093
27.5,36.5,0,12.51
27.5,37.5,0,11.5109
27.5,38.5,0,10.5119
27.5,39.5,0,9.51315
27.5,40.5,0,8.51469
27.5,41.5,0,7.51665
27.5,42.5,0,6.5192
27.5,43.5,0,5.52268
27.5,44.5,0,4.52769
27.5,45.5,0,3.53553
27.5,46.5,0,2.54951
27.5,47.5,0,1.58114
27.5,48.5,0,9.82499e-310
28.5,0.5,0,7.37319e-313
28.5,1.5,0,1.58114
28.5,2.5,0,2.54951
28.5,3.5,0,3.53553
28.5,4.5,0,4.52769
28.5,5.5,0,5.52268
28.5,6.5,0,6.5192
28.5,7.5,0,7.51665
28.5,8.5,0,8.51469
28.5,9.5,0,9.51315
28.5,10.5,0,10.5119
28.5,11.5,0,11.5109
28.5,12.5,0,12.51
28.5,13.5,0,13.5093
28.5,14.5,0,14.5086
28.5,15.5,0,15.5081
28.5,16.5,0,16.5076
28.5,17.5,0,17.5071
28.5,18.5,0,18.5068
28.5,19.5,0,19.5064
28.5,20.5,0,20.5061
28.5,21.5,0,21.5058
28.5,22.5,0,22.5056
28.5,23.5,0,23.5053
28.5,24.5,0,24.5051
28.5,25.5,0,23.5053
28.5,26.5,0,22.5056
28.5,27.5,0,21.5058
28.5,28.5,0,20.5061
28.5,29.5,0,19.5064
28.5,30.5,0,18.5068
28.5,31.5,0,17.5071
28.5,32.5,0,16.5076
28.5,33.5,0,15.5081
28.5,34.5,0,14.5086
28.5,35.5,0,13.5093
28.5,36.5,0,12.51
28.5,37.5,0,11.5109
28.5,38.5,0,10.5119
28.5,39.5,0,9.51315
28.5,40.5,0,8.51469
28.5,41.5,0,7.51665
28.5,42.5,0,6.5192
28.5,43.5,0,5.52268
28.5,44.5,0,4.52769
28.5,45.5,0,3.53553
28.5,46.5,0,2.54951
28.5,47.5,0,1.58114
28.5,48.5,0,9.82499e-310
29.5,0.5,0,7.37319e-313
29.5,1.5,0,1.58114
29.5,2.5,0,2.54951
29.5,3.5,0,3.53553
29.5,4.5,0,4.52769
29.5,5.5,0,5.52268
29.5,6.5,0,6.5192
29.5,7.5,0,7.51665
29.5,8.5,0,8.51469
29.5,9.5,0,9.51315
29.5,10.5,0,10.5119
29.5,11.5,0,11.5109
29.5,12.5,0,12.51
29.5,13.5,0,13.5093
29.5,14.5,0,14.5086
29.5,15.5,0,15.5081
29.5,16.5,0,16.5076
29.5,17.5,0,17.5071
29.5,18.5,0,18.5068
29.5,19.5,0,19.5064
29.5,20.5,0,20.5061
29.5,21.5,0,21.5058
29.5,22.5,0,22.5056
29.5,23.5,0,23.5053
29.5,24.5,0,24.5051
29.5,25.5,0,23.5053
29.5,26.5,0,22.5056
29.5,27.5,0,21.5058
29.5,28.5,0,20.5061
29.5,29.5,0,19.5064
29.5,30.5,0,18.5068
29.5,31.5,0,17.5071
29.5,32.5,0,16.5076
29.5,33.5,0,15.5081
29.5,34.5,0,14.5086
29.5,35.5,0,13.5093
29.5,36.5,0,12.51
29.5,37.5,0,11.5109
29.5,38.5,0,10.5119
29.5,39.5,0,9.51315
29.5,40.5,0,8.51469
29.5,41.5,0,7.51665
29.5,42.5,0,6.5192
29.5,43.5,0,5.52268
29.5,44.5,0,4.52769
29.5,45.5,0,3.53553
29.5,46.5,0,2.54951
29.5,47.5,0,1.58114
29.5,48.5,0,9.82499e-310
30.5,0.5,0,7.37319e-313
30.5,1.5,0,1.58114
30.5,2.5,0,2.54951
30.5,3.5,0,3.53553
30.5,4.5,0,4.52769
30.5,5.5,0,5.52268
30.5,6.5,0,6.5192
30.5,7.5,0,7.51665
30.5,8.5,0,8.51469
30.5,9.5,0,9.51315
30.5,10.5,0,10.5119
30.5,11.5,0,11.5109
30.5,12.5,0,12.51
30.5,13.5,0,13.5093
30.5,14.5,0,14.5086
30.5,15.5,0,15.5081
30.5,16.5,0,16.5076
30.5,17.5,0,17.5071
30.5,18.5,0,18.5068
30.5,19.5,0,19.5064
30.5,20.5,0,20.5061
30.5,21.5,0,21.5058
30.5,22.5,0,22.5056
30.5,23.5,0,23.5053
30.5,24.5,0,24.5051
30.5,25.5,0,23.5053
30.5,26.5,0,22.5056
30.5,27.5,0,21.5058
30.5,28.5,0,20.5061
30.5,29.5,0,19.5064
30.5,30.5,0,18.5068
30.5,31.5,0,17.5071
30.5,32.5,0,16.5076
30.5,33.5,0,15.5081
30.5,34.5,0,14.5086
30.5,35.5,0,13.5093
30.5,36.5,0,12.51
30.5,37.5,0,11.5109
30.5,38.5,0,10.5119
30.5,39.5,0,9.51315
30.5,40.5,0,8.51469
30.5,41.5,0,7.51665
30.5,42.5,0,6.5192
30.5,43.5,0,5.52268
30.5,44.5,0,4.52769
30.5,45.5,0,3.53553
30.5,46.5,0,2.54951
30.5,47.5,0,1.58114
30.5,48.5,0,9.82499e-310
31.5,0.5,0,7.37319e-313
31.5,1.5,0,1.58114
31.5,2.5,0,2.54951
31.5,3.5,0,3.53553
31.5,4.5,0,4.52769
31.5,5.5,0,5.52268
31.5,6.5,0,6.5192
31.5,7.5,0,7.51665
31.5,8.5,0,8.51469
31.5,9.5,0,9.51315
31.5,10.5,0,10.5119
31.5,11.5,0,11.5109
31.5,12.5,0,12.51
31.5,13.5,0,13.5093
31.5,14.5,0,14.5086
31.5,15.5,0,15.5081
31.5,16.5,0,16.5076
31.5,17.5,0,17.5071
31.5,18.5,0,18.5068
31.5,19.5,0,19.5064
31.5,20.5,0,20.5061
31.5,21.5,0,21.5058
31.5,22.5,0,22.5056
31.5,23.5,0,23.5053
31.5,24.5,0,24.5051
31.5,25.5,0,23.5053
31.5,26.5,0,22.5056
31.5,27.5,0,21.5058
31.5,28.5,0,20.5061
31.5,29.5,0,19.5064
31.5,30.5,0,18.5068
31.5,31.5,0,17.5071
31.5,32.5,0,16.5076
31.5,33.5,0,15.5081
31.5,34.5,0,14.5086
31.5,35.5,0,13.5093
31.5,36.5,0,12.51
31.5,37.5,0,11.5109
31.5,38.5,0,10.5119
31.5,39.5,0,9.51315
31.5,40.5,0,8.51469
31.5,41.5,0,7.51665
31.5,42.5,0,6.5192
31.5,43.5,0,5.52268
31.5,44.5,0,4.52769
31.5,45.5,0,3.53553
31.5,46.5,0,2.54951
31.5,47.5,0,1.58114
31.5,48.5,0,9.82499e-310
32.5,0.5,0,7.37319e-313
32.5,1.5,0,1.58114
32.5,2.5,0,2.54951
32.5,3.5,0,3.53553
32.5,4.5,0,4.52769
32.5,5.5,0,5.52268
32.5,6.5,0,6.5192
32.5,7.5,0,7.51665
32.5,8.5,0,8.51469
32.5,9.5,0,9.51315
32.5,10.5,0,10.5119
32.5,11.5,0,11.5109
32.5,12.5,0,12.51
32.5,13.5,0,13.5093
32.5,14.5,0,14.5086
32.5,15.5,0,15.5081
32.5,16.5,0,16.5076
32.5,17.5,0,17.5071
32.5,18.5,0,18.5068
32.5,19.5,0,19.5064
32.5,20.5,0,20.5061
32.5,21.5,0,21.5058
32.5,22.5,0,22.5056
32.5,23.5,0,23.5053
32.5,24.5,0,24.5051
32.5,25.5,0,23.5053
32.5,26.5,0,22.5056
32.5,27.5,0,21.5058
32.5,28.5,0,20.5061
32.5,29.5,0,19.5064
32.5,30.5,0,18.5068
32.5,31.5,0,17.5071
32.5,32.5,0,16.5076
32.5,33.5,0,15.5081
32.5,34.5,0,14.5086
32.5,35.5,0,13.5093
32.5,36.5,0,12.51
32.5,37.5,0,11.5109
32.5,38.5,0,10.5119
32.5,39.5,0,9.51315
32.5,40.5,0,8.51469
32.5,41.5,0,7.51665
32.5,42.5,0,6.5192
32.5,43.5,0,5.52268
32.5,44.5,0,4.52769
32.5,45.5,0,3.53553
32.5,46.5,0,2.54951
32.5,47.5,0,1.58114
32.5,48.5,0,9.82499e-310
33.5,0.5,0,7.37319e-313
33.5,1.5,0,1.58114
33.5,2.5,0,2.54951
33.5,3.5,0,3.53553
33.5,4.5,0,4.52769
33.5,5.5,0,5.52268
33.5,6.5,0,6.5192
33.5,7.5,0,7.51665
33.5,8.5,0,8.51469
33.5,9.5,0,9.51315
33.5,10.5,0,10.5119
33.5,11.5,0,11.5109
33.5,12.5,0,12.51
33.5,13.5,0,13.5093
33.5,14.5,0,14.5086
33.5,15.5,0,15.5081
33.5,16.5,0,16.5076
33.5,17.5,0,17.5071
33.5,18.5,0,18.5068
33.5,19.5,0,19.5064
33.5,20.5,0,20.5061
33.5,21.5,0,21.5058
33.5,22.5,0,22.5056
33.5,23.5,0,23.5053
33.5,24.5,0,24.5051
33.5,25.5,0,23.5053
33.5,26.5,0,22.5056
33.5,27.5,0,21.5058
33.5,28.5,0,20.5061
33.5,29.5,0,19.5064
33.5,30.5,0,18.5068
33.5,31.5,0,17.5071
33.5,32.5,0,16.5076
33.5,33.5,0,15.5081
33.5,34.5,0,14.5086
33.5,35.5,0,13.5093
33.5,36.5,0,12.51
33.5,37.5,0,11.5109
33.5,38.5,0,10.5119
33.5,39.5,0,9.51315
33.5,40.5,0,8.51469
33.5,41.5,0,7.51665
33.5,42.5,0,6.5192
33.5,43.5,0,5.52268
33.5,44.5,0,4.52769
33.5,45.5,0,3.53553
33.5,46.5,0,2.54951
33.5,47.5,0,1.58114
33.5,48.5,0,9.82499e-310
34.5,0.5,0,7.37319e-313
34.5,1.5,0,1.58114
34.5,2.5,0,2.54951
34.5,3.5,0,3.53553
34.5,4.5,0,4.52769
34.5,5.5,0,5.52268
34.5,6.5,0,6.5192
34.5,7.5,0,7.51665
34.5,8.5,0,8.51469
34.5,9.5,0,9.51315
34.5,10.5,0,10.5119
34.5,11.5,0,11.5109
34.5,12.5,0,12.51
34.5,13.5,0,13.5093
34.5,14.5,0,14.5086
34.5,15.5,0,15.5081
34.5,16.5,0,16.5076
34.5,17.5,0,17.5071
34.5,18.5,0,18.5068
34.5,19.5,0,19.5064
34.5,20.5,0,20.5061
34.5,21.5,0,21.5058
34.5,22.5,0,22.5056
34.5,23.5,0,23.5053
34.5,24.5,0,24.5051
34.5,25.5,0,23.5053
34.5,26.5,0,22.5056
34.5,27.5,0,21.5058
34.5,28.5,0,20.5061
34.5,29.5,0,19.5064
34.5,30.5,0,18.5068
34.5,31.5,0,17.5071
34.5,32.5,0,16.5076
34.5,33.5,0,15.5081
34.5,34.5,0,14.5086
34.5,35.5,0,13.5093
34.5,36.5,0,12.51
34.5,37.5,0,11.5109
34.5,38.5,0,10.5119
34.5,39.5,0,9.51315
34.5,40.5,0,8.51469
34.5,41.5,0,7.51665
34.5,42.5,0,6.5192
34.5,43.5,0,5.52268
34.5,44.5,0,4.52769
34.5,45.5,0,3.53553
34.5,46.5,0,2.54951
34.5,47.5,0,1.58114
34.5,48.5,0,9.82499e-310
35.5,0.5,0,7.37319e-313
35.5,1.5,0,1.58114
35.5,2.5,0,2.54951
35.5,3.5,0,3.53553
35.5,4.5,0,4.52769
35.5,5.5,0,5.52268
35.5,6.5,0,6.5192
35.5,7.5,0,7.51665
35.5,8.5,0,8.51469
35.5,9.5,0,9.51315
35.5,10.5,0,10.5119
35.5,11.5,0,11.5109
35.5,12.5,0,12.51
35.5,13.5,0,13.5093
35.5,14.5,0,14.5086
35.5,15.5,0,15.5081
35.5,16.5,0,16.5076
35.5,17.5,0,17.5071
35.5,18.5,0,18.5068
35.5,19.5,0,19.5064
35.5,20.5,0,20.5061
35.5,21.5,0,21.5058
35.5,22.5,0,22.5056
35.5,23.5,0,23.5053
35.5,24.5,0,24.5051
35.5,25.5,0,23.5053
35.5,26.5,0,22.5056
35.5,27.5,0,21.5058
35.5,28.5,0,20.5061
35.5,29.5,0,19.5064
35.5,30.5,0,18.5068
35.5,31.5,0,17.5071
35.5,32.5,0,16.5076
35.5,33.5,0,15.5081
35.5,34.5,0,14.5086
35.5,35.5,0,13.5093
35.5,36.5,0,12.51
35.5,37.5,0,11.5109
35.5,38.5,0,10.5119
35.5,39.5,0,9.51315
35.5,40.5,0,8.51469
35.5,41.5,0,7.51665
35.5,42.5,0,6.5192
35.5,43.5,0,5.52268
35.5,44.5,0,4.52769
35.5,45.5,0,3.53553
35.5,46.5,0,2.54951
35.5,47.5,0,1.58114
35.5,48.5,0,9.82499e-310
36.5,0.5,0,7.37319e-313
36.5,1.5,0,1.58114
36.5,2.5,0,2.54951
36.5,3.5,0,3.53553
36.5,4.5,0,4.52769
36.5,5.5,0,5.52268
36.5,6.5,0,6.5192
36.5,7.5,0,7.51665
36.5,8.5,0,8.51469
36.5,9.5,0,9.51315
36.5,10.5,0,10.5119
36.5,11.5,0,11.5109
36.5,12.5,0,12.51
36.5,13.5,0,13.5093
36.5,14.5,0,14.5086
36.5,15.5,0,15.5081
36.5,16.5,0,16.5076
36.5,17.5,0,17.5071
36.5,18.5,0,18.5068
36.5,19.5,0,19.5064
36.5,20.5,0,20.5061
36.5,21.5,0,21.5058
36.5,22.5,0,22.5056
36.5,23.5,0,23.5053
36.5,24.5,0,24.5051
36.5,25.5,0,23.5053
36.5,26.5,0,22.5056
36.5,27.5,0,21.5058
36.5,28.5,0,20.5061
36.5,29.5,0,19.5064
36.5,30.5,0,18.5068
36.5,31.5,0,17.5071
36.5,32.5,0,16.5076
36.5,33.5,0,15.5081
36.5,34.5,0,14.5086
36.5,35.5,0,13.5093
36.5,36.5,0,12.51
36.5,37.5,0,11.5109
36.5,38.5,0,10.5119
36.5,39.5,0,9.51315
36.5,40.5,0,8.51469
36.5,41.5,0,7.51665
36.5,42.5,0,6.5192
36.5,43.5,0,5.52268
36.5,44.5,0,4.52769
36.5,45.5,0,3.53553
36.5,46.5,0,2.54951
36.5,47.5,0,1.58114
36.5,48.5,0,9.82499e-310
37.5,0.5,0,7.37319e-313
37.5,1.5,0,1.58114
37.5,2.5,0,2.54951
37.5,3.5,0,3.53553
37.5,4.5,0,4.52769
37.5,5.5,0,5.52268
37.5,6.5,0,6.5192
37.5,7.5,0,7.51665
37.5,8.5,0,8.51469
37.5,9.5,0,9.51315
37.5,10.5,0,10.5119
37.5,11.5,0,11.5109
37.5,12.5,0,12.51
37.5,13.5,0,13.5093
37.5,14.5,0,14.5086
37.5,15.5,0,15.5081
37.5,16.5,0,16.5076
37.5,17.5,0,17.5071
37.5,18.5,0,18.5068
37.5,19.5,0,19.5064
37.5,20.5,0,20.5061
37.5,21.5,0,21.5058
37.5,22.5,0,22.5056
37.5,23.5,0,23.5053
37.5,24.5,0,24.5051
37.5,25.5,0,23.5053
37.5,26.5,0,22.5056
37.5,27.5,0,21.5058
37.5,28.5,0,20.5061
37.5,29.5,0,19.5064
37.5,30.5,0,18.5068
37.5,31.5,0,17.5071
37.5,32.5,0,16.5076
37.5,33.5,0,15.5081
37.5,34.5,0,14.5086
37.5,35.5,0,13.5093
37.5,36.5,0,12.51
37.5,37.5,0,11.5109
37.5,38.5,0,10.5119
37.5,39.5,0,9.51315
37.5,40.5,0,8.51469
37.5,41.5,0,7.51665
37.5,42.5,0,6.5192
37.5,43.5,0,5.52268
37.5,44.5,0,4.52769
37.5,45.5,0,3.53553
37.5,46.5,0,2.54951
37.5,47.5,0,1.58114
37.5,48.5,0,9.82499e-310
38.5,0.5,0,7.37319e-313
38.5,1.5,0,1.58114
38.5,2.5,0,2.54951
38.5,3.5,0,3.53553
38.5,4.5,0,4.52769
38.5,5.5,0,5.52268
38.5,6.5,0,6.5192
38.5,7.5,0,7.51665
38.5,8.5,0,8.51469
38.5,9.5,0,9.51315
38.5,10.5,0,10.5119
38.5,11.5,0,11.5109
38.5,12.5,0,12.51
38.5,13.5,0,13.5093
38.5,14.5,0,14.5086
38.5,15.5,0,15.5081
38.5,16.5,0,16.5076
38.5,17.5,0,17.5071
38.5,18.5,0,18.5068
38.5,19.5,0,19.5064
38.5,20.5,0,20.5061
38.5,21.5,0,21.5058
38.5,22.5,0,22.5056
38.5,23.5,0,23.5053
38.5,24.5,0,24.5051
38.5,25.5,0,23.5053
38.5,26.5,0,22.5056
38.5,27.5,0,21.5058
38.5,28.5,0,20.5061
38.5,29.5,0,19.5064
38.5,30.5,0,18.5068
38.5,31.5,0,17.5071
38.5,32.5,0,16.5076
38.5,33.5,0,15.5081
38.5,34.5,0,14.5086
38.5,35.5,0,13.5093
38.5,36.5,0,12.51
38.5,37.5,0,11.5109
38.5,38.5,0,10.5119
38.5,39.5,0,9.51315
38.5,40.5,0,8.51469
38.5,41.5,0,7.51665
38.5,42.5,0,6.5192
38.5,43.5,0,5.52268
38.5,44.5,0,4.52769
38.5,45.5,0,3.53553
38.5,46.5,0,2.54951
38.5,47.5,0,1.58114
38.5,48.5,0,9.82499e-310
39.5,0.5,0,7.37319e-313
39.5,1.5,0,1.58114
39.5,2.5,0,2.54951
39.5,3.5,0,3.53553
39.5,4.5,0,4.52769
39.5,5.5,0,5.52268
39.5,6.5,0,6.5192
39.5,7.5,0,7.51665
39.5,8.5,0,8.51469
39.5,9.5,0,9.51315
39.5,10.5,0,10.5119
39.5,11.5,0,11.5109
39.5,12.5,0,12.51
39.5,13.5,0,13.5093
39.5,14.5,0,14.5086
39.5,15.5,0,15.5081
39.5,16.5,0,16.5076
39.5,17.5,0,17.5071
39.5,18.5,0,18.5068
39.5,19.5,0,19.5064
39.5,20.5,0,20.5061
39.5,21.5,0,21.5058
39.5,22.5,0,22.5056
39.5,23.5,0,23.5053
39.5,24.5,0,23.5053
39.5,25.5,0,23.5053
39.5,26.5,0,22.5056
39.5,27.5,0,21.5058
39.5,28.5,0,20.5061
39.5,29.5,0,19.5064
39.5,30.5,0,18.5068
39.5,31.5,0,17.5071
39.5,32.5,0,16.5076
39.5,33.5,0,15.5081
39.5,34.5,0,14.5086
39.5,35.5,0,13.5093
39.5,36.5,0,12.51
39.5,37.5,0,11.5109
39.5,38.5,0,10.5119
39.5,39.5,0,9.51315
39.5,40.5,0,8.51469
39.5,41.5,0,7.51665
39.5,42.5,0,6.5192
39.5,43.5,0,5.52268
39.5,44.5,0,4.52769
39.5,45.5,0,3.53553
39.5,46.5,0,2.54951
39.5,47.5,0,1.58114
39.5,48.5,0,9.82499e-310
40.5,0.5,0,7.37319e-313
40.5,1.5,0,1.58114
40.5,2.5,0,2.54951
40.5,3.5,0,3.53553
40.5,4.5,0,4.52769
40.5,5.5,0,5.52268
40.5,6.5,0,6.5192
40.5,7.5,0,7.51665
40.5,8.5,0,8.51469
40.5,9.5,0,9.51315
40.5,10.5,0,10.5119
40.5,11.5,0,11.5109
40.5,12.5,0,12.51
40.5,13.5,0,13.5093
40.5,14.5,0,14.5086
40.5,15.5,0,15.5081
40.5,16.5,0,16.5076
40.5,17.5,0,17.5071
40.5,18.5,0,18.5068
40.5,19.5,0,19.5064
40.5,20.5,0,20.5061
40.5,21.5,0,21.5058
40.5,22.5,0,22.5056
40.5,23.5,0,22.5056
40.5,24.5,0,22.5056
40.5,25.5,0,22.5056
40.5,26.5,0,22.5056
40.5,27.5,0,21.5058
40.5,28.5,0,20.5061
40.5,29.5,0,19.5064
40.5,30.5,0,18.5068
40.5,31.5,0,17.5071
40.5,32.5,0,16.5076
40.5,33.5,0,15.5081
40.5,34.5,0,14.5086
40.5,35.5,0,13.5093
40.5,36.5,0,12.51
40.5,37.5,0,11.5109
40.5,38.5,0,10.5119
40.5,39.5,0,9.51315
40.5,40.5,0,8.51469
40.5,41.5,0,7.51665
40.5,42.5,0,6.5192
40.5,43.5,0,5.52268
40.5,44.5,0,4.52769
40.5,45.5,0,3.53553
40.5,46.5,0,2.54951
40.5,47.5,0,1.58114
40.5,48.5,0,9.82499e-310
41.5,0.5,0,7.37319e-313
41.5,1.5,0,1.58114
41.5,2.5,0,2.54951
41.5,3.5,0,3.53553
41.5,4.5,0,4.52769
41.5,5.5,0,5.52268
41.5,6.5,0,6.5192
41.5,7.5,0,7.51665
41.5,8.5,0,8.51469
41.5,9.5,0,9.51315
41.5,10.5,0,10.5119
41.5,11.5,0,11.5109
41.5,12.5,0,12.51
41.5,13.5,0,13.5093
41.5,14.5,0,14.5086
41.5,15.5,0,15.5081
41.5,16.5,0,16.5076
41.5,17.5,0,17.5071
41.5,18.5,0,18.5068
41.5,19.5,0,19.5064
41.5,20.5,0,20.5061
41.5,21.5,0,21.5058
41.5,22.5,0,21.5058
41.5,23.5,0,21.5058
41.5,24.5,0,21.5058
41.5,25.5,0,21.5058
41.5,26.5,0,21.5058
41.5,27.5,0,21.5058
41.5,28.5,0,20.5061
41.5,29.5,0,19.5064
41.5,30.5,0,18.5068
41.5,31.5,0,17.5071
41.5,32.5,0,16.5076
41.5,33.5,0,15.5081
41.5,34.5,0,14.5086
41.5,35.5,0,13.5093
41.5,36.5,0,12.51
41.5,37.5,0,11.5109
41.5,38.5,0,10.5119
41.5,39.5,0,9.51315
41.5,40.5,0,8.51469
41.5,41.5,0,7.51665
41.5,42.5,0,6.5192
41.5,43.5,0,5.52268
41.5,44.5,0,4.52769
41.5,45.5,0,3.53553
41.5,46.5,0,2.54951
41.5,47.5,0,1.58114
41.5,48.5,0,9.82499e-310
42.5,0.5,0,7.37319e-313
42.5,1.5,0,1.58114
42.5,2.5,0,2.54951
42.5,3.5,0,3.53553
42.5,4.5,0,4.52769
42.5,5.5,0,5.52268
42.5,6.5,0,6.5192
42.5,7.5,0,7.51665
42.5,8.5,0,8.51469
42.5,9.5,0,9.51315
42.5,10.5,0,10.5119
42.5,11.5,0,11.5109
42.5,12.5,0,12.51
42.5,13.5,0,13.5093
42.5,14.5,0,14.5086
42.5,15.5,0,15.5081
42.5,16.5,0,16.5076
42.5,17.5,0,17.5071
42.5,18.5,0,18.5068
42.5,19.5,0,19.5064
42.5,20.5,0,20.5061
42.5,21.5,0,20.5061
42.5,22.5,0,20.5061
42.5,23.5,0,20.5061
42.5,24.5,0,20.5061
42.5,25.5,0,20.5061
42.5,26.5,0,20.5061
42.5,27.5,0,20.5061
42.5,28.5,0,20.5061
42.5,29.5,0,19.5064
42.5,30.5,0,18.5068
42.5,31.5,0,17.5071
42.5,32.5,0,16.5076
42.5,33.5,0,15.5081
42.5,34.5,0,14.5086
42.5,35.5,0,13.5093
42.5,36.5,0,12.51
42.5,37.5,0,11.5109
42.5,38.5,0,10.5119
42.5,39.5,0,9.51315
42.5,40.5,0,8.51469
42.5,41.5,0,7.51665
42.5,42.5,0,6.5192
42.5,43.5,0,5.52268
42.5,44.5,0,4.52769
42.5,45.5,0,3.53553
42.5,46.5,0,2.54951
42.5,47.5,0,1.58114
42.5,48.5,0,9.82499e-310
43.5,0.5,0,7.37319e-313
43.5,1.5,0,1.58114
43.5,2.5,0,2.54951
43.5,3.5,0,3.53553
43.5,4.5,0,4.52769
43.5,5.5,0,5.52268
43.5,6.5,0,6.5192
43.5,7.5,0,7.51665
43.5,8.5,0,8.51469
43.5,9.5,0,9.51315
43.5,10.5,0,10.5119
43.5,11.5,0,11.5109
43.5,12.5,0,12.51
43.5,13.5,0,13.5093
43.5,14.5,0,14.5086
43.5,15.5,0,15.5081
43.5,16.5,0,16.5076
43.5,17.5,0,17.5071
43.5,18.5,0,18.5068
43.5,19.5,0,19.5064
43.5,20.5,0,19.5064
43.5,21.5,0,19.5064
43.5,22.5,0,19.5064
43.5,23.5,0,19.5064
43.5,24.5,0,19.5064
43.5,25.5,0,19.5064
43.5,26.5,0,19.5064
43.5,27.5,0,19.5064
43.5,28.5,0,19.5064
43.5,29.5,0,19.5064
43.5,30.5,0,18.5068
43.5,31.5,0,17.5071
43.5,32.5,0,16.5076
43.5,33.5,0,15.5081
43.5,34.5,0,14.5086
43.5,35.5,0,13.5093
43.5,36.5,0,12.51
43.5,37.5,0,11.5109
43.5,38.5,0,10.5119
43.5,39.5,0,9.51315
43.5,40.5,0,8.51469
43.5,41.5,0,7.51665
43.5,42.5,0,6.5192
43.5,43.5,0,5.52268
43.5,44.5,0,4.52769
43.5,45.5,0,3.53553
43.5,46.5,0,2.54951
43.5,47.5,0,1.58114
43.5,48.5,0,9.82499e-310
44.5,0.5,0,7.37319e-313
44.5,1.5,0,1.58114
44.5,2.5,0,2.54951
44.5,3.5,0,3.53553
44.5,4.5,0,4.52769
44.5,5.5,0,5.52268
44.5,6.5,0,6.5192
44.5,7.5,0,7.51665
44.5,8.5,0,8.51469
44.5,9.5,0,9.51315
44.5,10.5,0,10.5119
44.5,11.5,0,11.5109
44.5,12.5,0,12.51
44.5,13.5,0,13.5093
44.5,14.5,0,14.5086
44.5,15.5,0,15.5081
44.5,16.5,0,16.5076
44.5,17.5,0,17.5071
44.5,18.5,0,18.5068
44.5,19.5,0,18.5068
44.5,20.5,0,18.5068
44.5,21.5,0,18.5068
44.5,22.5,0,18.5068
44.5,23.5,0,18.5068
44.5,24.5,0,18.5068
44.5,25.5,0,18.5068
44.5,26.5,0,18.5068
44.5,27.5,0,18.5068
44.5,28.5,0,18.5068
44.5,29.5,0,18.5068
44.5,30.5,0,18.5068
44.5,31.5,0,17.5071
44.5,32.5,0,16.5076
44.5,33.5,0,15.5081
44.5,34.5,0,14.5086
44.5,35.5,0,13.5093
44.5,36.5,0,12.51
44.5,37.5,0,11.5109
44.5,38.5,0,10.5119
44.5,39.5,0,9.51315
44.5,40.5,0,8.51469
44.5,41.5,0,7.51665
44.5,42.5,0,6.5192
44.5,43.5,0,5.52268
44.5,44.5,0,4.52769
44.5,45.5,0,3.53553
44.5,46.5,0,2.54951
44.5,47.5,0,1.58114
44.5,48.5,0,9.82499e-310
45.5,0.5,0,7.37319e-313
45.5,1.5,0,1.58114
45.5,2.5,0,2.54951
45.5,3.5,0,3.53553
45.5,4.5,0,4.52769
45.5,5.5,0,5.52268
45.5,6.5,0,6.5192
45.5,7.5,0,7.51665
45.5,8.5,0,8.51469
45.5,9.5,0,9.51315
45.5,10.5,0,10.5119
45.5,11.5,0,11.5109
45.5,12.5,0,12.51
45.5,13.5,0,13.5093
45.5,14.5,0,14.5086
45.5,15.5,0,15.5081
45.5,16.5,0,16.5076
45.5,17.5,0,17.5071
45.5,18.5,0,17.5071
45.5,19.5,0,17.5071
45.5,20.5,0,17.5071
45.5,21.5,0,17.5071
45.5,22.5,0,17.5071
45.5,23.5,0,17.5071
45.5,24.5,0,17.5071
45.5,25.5,0,17.5071
45.5,26.5,0,17.5071
45.5,27.5,0,17.5071
45.5,28.5,0,17.5071
45.5,29.5,0,17.5071
45.5,30.5,0,17.5071
45.5,31.5,0,17.5071
45.5,32.5,0,16.5076
45.5,33.5,0,15.5081
45.5,34.5,0,14.5086
45.5,35.5,0,13.5093
45.5,36.5,0,12.51
45.5,37.5,0,11.5109
45.5,38.5,0,10.5119
45.5,39.5,0,9.51315
45.5,40.5,0,8.51469
45.5,41.5,0,7.51665
45.5,42.5,0,6.5192
45.5,43.5,0,5.52268
45.5,44.5,0,4.52769
45.5,45.5,0,3.53553
45.5,46.5,0,2.54951
45.5,47.5,0,1.58114
45.5,48.5,0,9.82499e-310
46.5,0.5,0,7.37319e-313
46.5,1.5,0,1.58114
46.5,2.5,0,2.54951
46.5,3.5,0,3.53553
46.5,4.5,0,4.52769
46.5,5.5,0,5.52268
46.5,6.5,0,6.5192
46.5,7.5,0,7.51665
46.5,8.5,0,8.51469
46.5,9.5,0,9.51315
46.5,10.5,0,10.5119
46.5,11.5,0,11.5109
46.5,12.5,0,12.51
46.5,13.5,0,13.5093
46.5,14.5,0,14.5086
46.5,15.5,0,15.5081
46.5,16.5,0,16.5076
46.5,17.5,0,16.5076
46.5,18.5,0,16.5076
46.5,19.5,0,16.5076
46.5,20.5,0,16.5076
46.5,21.5,0,16.5076
46.5,22.5,0,16.5076
46.5,23.5,0,16.5076
46.5,24.5,0,16.5076
46.5,25.5,0,16.5076
46.5,26.5,0,16.5076
46.5,27.5,0,16.5076
46.5,28.5,0,16.5076
46.5,29.5,0,16.5076
46.5,30.5,0,16.5076
46.5,31.5,0,16.5076
46.5,32.5,0,16.5076
46.5,33.5,0,15.5081
46.5,34.5,0,14.5086
46.5,35.5,0,13.5093
46.5,36.5,0,12.51
46.5,37.5,0,11.5109
46.5,38.5,0,10.5119
46.5,39.5,0,9.51315
46.5,40.5,0,8.51469
46.5,41.5,0,7.51665
46.5,42.5,0,6.5192
46.5,43.5,0,5.52268
46.5,44.5,0,4.52769
46.5,45.5,0,3.53553
46.5,46.5,0,2.54951
46.5,47.5,0,1.58114
46.5,48.5,0,9.82499e-310
47.5,0.5,0,7.37319e-313
47.5,1.5,0,1.58114
47.5,2.5,0,2.54951
47.5,3.5,0,3.53553
47.5,4.5,0,4.52769
47.5,5.5,0,5.52268
47.5,6.5,0,6.5192
47.5,7.5,0,7.51665
47.5,8.5,0,8.51469
47.5,9.5,0,9.51315
47.5,10.5,0,10.5119
47.5,11.5,0,11.5109
47.5,12.5,0,12.51
47.5,13.5,0,13.5093
47.5,14.5,0,14.5086
47.5,15.5,0,15.5081
47.5,16.5,0,15.5081
47.5,17.5,0,15.5081
47.5,18.5,0,15.5081
47.5,19.5,0,15.5081
47.5,20.5,0,15.5081
47.5,21.5,0,15.5081
47.5,22.5,0,15.5081
47.5,23.5,0,15.5081
47.5,24.5,0,15.5081
47.5,25.5,0,15.5081
47.5,26.5,0,15.5081
47.5,27.5,0,15.5081
47.5,28.5,0,15.5081
47.5,29.5,0,15.5081
47.5,30.5,0,15.5081
47.5,31.5,0,15.5081
47.5,32.5,0,15.5081
47.5,33.5,0,15.5081
47.5,34.5,0,14.5086
47.5,35.5,0,13.5093
47.5,36.5,0,12.51
47.5,37.5,0,11.5109
47.5,38.5,0,10.5119
47.5,39.5,0,9.51315
47.5,40.5,0,8.51469
47.5,41.5,0,7.51665
47.5,42.5,0,6.5192
47.5,43.5,0,5.52268
47.5,44.5,0,4.52769
47.5,45.5,0,3.53553
47.5,46.5,0,2.54951
47.5,47.5,0,1.58114
47.5,48.5,0,9.82499e-310
48.5,0.5,0,7.37319e-313
48.5,1.5,0,1.58114
48.5,2.5,0,2.54951
48.5,3.5,0,3.53553
48.5,4.5,0,4.52769
48.5,5.5,0,5.52268
48.5,6.5,0,6.5192
48.5,7.5,0,7.51665
48.5,8.5,0,8.51469
48.5,9.5,0,9.51315
48.5,10.5,0,10.5119
48.5,11.5,0,11.5109
48.5,12.5,0,12.51
48.5,13.5,0,13.5093
48.5,14.5,0,14.5086
48.5,15.5,0,14.5086
48.5,16.5,0,14.5086
48.5,17.5,0,14.5086
48.5,18.5,0,14.5086
48.5,19.5,0,14.5086
48.5,20.5,0,14.5086
48.5,21.5,0,14.5086
48.5,22.5,0,14.5086
48.5,23.5,0,14.5086
48.5,24.5,0,14.5086
48.5,25.5,0,14.5086
48.5,26.5,0,14.5086
48.5,27.5,0,14.5086
48.5,28.5,0,14.5086
48.5,29.5,0,14.5086
48.5,30.5,0,14.5086
48.5,31.5,0,14.5086
48.5,32.5,0,14.5086
48.5,33.5,0,14.5086
48.5,34.5,0,14.5086
48.5,35.5,0,13.5093
48.5,36.5,0,12.51
48.5,37.5,0,11.5109
48.5,38.5,0,10.5119
48.5,39.5,0,9.51315
48.5,40.5,0,8.51469
48.5,41.5,0,7.51665
48.5,42.5,0,6.5192
48.5,43.5,0,5.52268
48.5,44.5,0,4.52769
48.5,45.5,0,3.53553
48.5,46.5,0,2.54951
48.5,47.5,0,1.58114
48.5,48.5,0,9.82499e-310
49.5,0.5,0,7.37319e-313
49.5,1.5,0,1.58114
49.5,2.5,0,2.54951
49.5,3.5,0,3.53553
49.5,4.5,0,4.52769
49.5,5.5,0,5.52268
49.5,6.5,0,6.5192
49.5,7.5,0,7.51665
49.5,8.5,0,8.51469
49.5,9.5,0,9.51315
49.5,10.5,0,10.5119
49.5,11.5,0,11.5109
49.5,12.5,0,12.51
49.5,13.5,0,13.5093
49.5,14.5,0,13.5093
49.5,15.5,0,13.5093
49.5,16.5,0,13.5093
49.5,17.5,0,13.5093
49.5,18.5,0,13.5093
49.5,19.5,0,13.5093
49.5,20.5,0,13.5093
49.5,21.5,0,13.5093
49.5,22.5,0,13.5093
49.5,23.5,0,13.5093
49.5,24.5,0,13.5093
49.5,25.5,0,13.5093
49.5,26.5,0,13.5093
49.5,27.5,0,13.5093
49.5,28.5,0,13.5093
49.5,29.5,0,13.5093
49.5,30.5,0,13.5093
49.5,31.5,0,13.5093
49.5,32.5,0,13.5093
49.5,33.5,0,13.5093
49.5,34.5,0,13.5093
49.5,35.5,0,13.5093
49.5,36.5,0,12.51
49.5,37.5,0,11.5109
49.5,38.5,0,10.5119
49.5,39.5,0,9.51315
49.5,40.5,0,8.51469
49.5,41.5,0,7.51665
49.5,42.5,0,6.5192
49.5,43.5,0,5.52268
49.5,44.5,0,4.52769
49.5,45.5,0,3.53553
49.5,46.5,0,2.54951
49.5,47.5,0,1.58114
49.5,48.5,0,9.82499e-310
50.5,0.5,0,7.37319e-313
50.5,1.5,0,1.58114
50.5,2.5,0,2.54951
50.5,3.5,0,3.53553
50.5,4.5,0,4.52769
50.5,5.5,0,5.52268
50.5,6.5,0,6.5192
50.5,7.5,0,7.51665
50.5,8.5,0,8.51469
50.5,9.5,0,9.51315
50.5,10.5,0,10.5119
50.5,11.5,0,11.5109
50.5,12.5,0,12.51
50.5,13.5,0,12.51
50.5,14.5,0,12.51
50.5,15.5,0,12.51
50.5,16.5,0,12.51
50.5,17.5,0,12.51
50.5,18.5,0,12.51
50.5,19.5,0,12.51
50.5,20.5,0,12.51
50.5,21.5,0,12.51
50.5,22.5,0,12.51
50.5,23.5,0,12.51
50.5,24.5,0,12.51
50.5,25.5,0,12.51
50.5,26.5,0,12.51
50.5,27.5,0,12.51
50.5,28.5,0,12.51
50.5,29.5,0,12.51
50.5,30.5,0,12.51
50.5,31.5,0,12.51
50.5,32.5,0,12.51
50.5,33.5,0,12.51
50.5,34.5,0,12.51
50.5,35.5,0,12.51
50.5,36.5,0,12.51
50.5,37.5,0,11.5109
50.5,38.5,0,10.5119
50.5,39.5,0,9.51315
50.5,40.5,0,8.51469
50.5,41.5,0,7.51665
50.5,42.5,0,6.5192
50.5,43.5,0,5.52268
50.5,44.5,0,4.52769
50.5,45.5,0,3.53553
50.5,46.5,0,2.54951
50.5,47.5,0,1.58114
50.5,48.5,0,9.82499e-310
51.5,0.5,0,7.37319e-313
51.5,1.5,0,1.58114
51.5,2.5,0,2.54951
51.5,3.5,0,3.53553
51.5,4.5,0,4.52769
51.5,5.5,0,5.52268
51.5,6.5,0,6.5192
51.5,7.5,0,7.51665
51.5,8.5,0,8.51469
51.5,9.5,0,9.51315
51.5,10.5,0,10.5119
51.5,11.5,0,11.5109
51.5,12.5,0,11.5109
51.5,13.5,0,11.5109
51.5,14.5,0,11.5109
51.5,15.5,0,11.5109
51.5,16.5,0,11.5109
51.5,17.5,0,11.5109
51.5,18.5,0,11.5109
51.5,19.5,0,11.5109
51.5,20.5,0,11.5109
51.5,21.5,0,11.5109
51.5,22.5,0,11.5109
51.5,23.5,0,11.5109
51.5,24.5,0,11.5109
51.5,25.5,0,11.5109
51.5,26.5,0,11.5109
51.5,27.5,0,11.5109
51.5,28.5,0,11.5109
51.5,29.5,0,11.5109
51.5,30.5,0,11.5109
51.5,31.5,0,11.5109
51.5,32.5,0,11.5109
51.5,33.5,0,11.5109
51.5,34.5,0,11.5109
51.5,35.5,0,11.5109
51.5,36.5,0,11.5109
51.5,37.5,0,11.5109
51.5,38.5,0,10.5119
51.5,39.5,0,9.51315
51.5,40.5,0,8.51469
51.5,41.5,0,7.51665
51.5,42.5,0,6.5192
51.5,43.5,0,5.52268
51.5,44.5,0,4.52769
51.5,45.5,0,3.53553
51.5,46.5,0,2.54951
51.5,47.5,0,1.58114
51.5,48.5,0,9.82499e-310
52.5,0.5,0,7.37319e-313
52.5,1.5,0,1.58114
52.5,2.5,0,2.54951
52.5,3.5,0,3.53553
52.5,4.5,0,4.52769
52.5,5.5,0,5.52268
52.5,6.5,0,6.5192
52.5,7.5,0,7.51665
52.5,8.5,0,8.51469
52.5,9.5,0,9.51315
52.5,10.5,0,10.5119
52.5,11.5,0,10.5119
52.5,12.5,0,10.5119
52.5,13.5,0,10.5119
52.5,14.5,0,10.5119
52.5,15.5,0,10.5119
52.5,16.5,0,10.5119
52.5,17.5,0,10.5119
52.5,18.5,0,10.5119
52.5,19.5,0,10.5119
52.5,20.5,0,10.5119
52.5,21.5,0,10.5119
52.5,22.5,0,10.5119
52.5,23.5,0,10.5119
52.5,24.5,0,10.5119
52.5,25.5,0,10.5119
52.5,26.5,0,10.5119
52.5,27.5,0,10.5119
52.5,28.5,0,10.5119
52.5,29.5,0,10.5119
52.5,30.5,0,10.5119
52.5,31.5,0,10.5119
52.5,32.5,0,10.5119
52.5,33.5,0,10.5119
52.5,34.5,0,10.5119
52.5,35.5,0,10.5119
52.5,36.5,0,10.5119
52.5,37.5,0,10.5119
52.5,38.5,0,10.5119
52.5,39.5,0,9.51315
52.5,40.5,0,8.51469
52.5,41.5,0,7.51665
52.5,42.5,0,6.5192
52.5,43.5,0,5.52268
52.5,44.5,0,4.52769
52.5,45.5,0,3.53553
52.5,46.5,0,2.54951
52.5,47.5,0,1.58114
52.5,48.5,0,9.82499e-310
53.5,0.5,0,7.37319e-313
53.5,1.5,0,1.58114
53.5,2.5,0,2.54951
53.5,3.5,0,3.53553
53.5,4.5,0,4.52769
53.5,5.5,0,5.52268
53.5,6.5,0,6.5192
53.5,7.5,0,7.51665
53.5,8.5,0,8.51469
53.5,9.5,0,9.51315
53.5,10.5,0,9.51315
53.5,11.5,0,9.51315
53.5,12.5,0,9.51315
53.5,13.5,0,9.51315
53.5,14.5,0,9.51315
53.5,15.5,0,9.51315
53.5,16.5,0,9.51315
53.5,17.5,0,9.51315
53.5,18.5,0,9.51315
53.5,19.5,0,9.51315
53.5,20.5,0,9.51315
53.5,21.5,0,9.51315
53.5,22.5,0,9.51315
53.5,23.5,0,9.51315
53.5,24.5,0,9.51315
53.5,25.5,0,9.51315
53.5,26.5,0,9.51315
53.5,27.5,0,9.51315
53.5,28.5,0,9.51315
53.5,29.5,0,9.51315
53.5,30.5,0,9.51315
53.5,31.5,0,9.51315
53.5,32.5,0,9.51315
53.5,33.5,0,9.51315
53.5,34.5,0,9.51315
53.5,35.5,0,9.51315
53.5,36.5,0,9.51315
53.5,37.5,0,9.51315
53.5,38.5,0,9.51315
53.5,39.5,0,9.51315
53.5,40.5,0,8.51469
53.5,41.5,0,7.51665
53.5,42.5,0,6.5192
53.5,43.5,0,5.52268
53.5,44.5,0,4.52769
53.5,45.5,0,3.53553
53.5,46.5,0,2.54951
53.5,47.5,0,1.58114
53.5,48.5,0,9.82499e-310
54.5,0.5,0,7.37319e-313
54.5,1.5,0,1.58114
54.5,2.5,0,2.54951
54.5,3.5,0,3.53553
54.5,4.5,0,4.52769
54.5,5.5,0,5.52268
54.5,6.5,0,6.5192
54.5,7.5,0,7.51665
54.5,8.5,0,8.51469
54.5,9.5,0,8.51469
54.5,10.5,0,8.51469
54.5,11.5,0,8.51469
54.5,12.5,0,8.51469
54.5,13.5,0,8.51469
54.5,14.5,0,8.51469
54.5,15.5,0,8.51469
54.5,16.5,0,8.51469
54.5,17.5,0,8.51469
54.5,18.5,0,8.51469
54.5,19.5,0,8.51469
54.5,20.5,0,8.51469
54.5,21.5,0,8.51469
54.5,22.5,0,8.51469
54.5,23.5,0,8.51469
54.5,24.5,0,8.51469
54.5,25.5,0,8.51469
54.5,26.5,0,8.51469
54.5,27.5,0,8.51469
54.5,28.5,0,8.51469
54.5,29.5,0,8.51469
54.5,30.5,0,8.51469
54.5,31.5,0,8.51469
54.5,32.5,0,8.51469
54.5,33.5,0,8.51469
54.5,34.5,0,8.51469
54.5,35.5,0,8.51469
54.5,36.5,0,8.51469
54.5,37.5,0,8.51469
54.5,38.5,0,8.51469
54.5,39.5,0,8.51469
54.5,40.5,0,8.51469
54.5,41.5,0,7.51665
54.5,42.5,0,6.5192
54.5,43.5,0,5.52268
54.5,44.5,0,4.52769
54.5,45.5,0,3.53553
54.5,46.5,0,2.54951
54.5,47.5,0,1.58114
54.5,48.5,0,9.82499e-310
55.5,0.5,0,7.37319e-313
55.5,1.5,0,1.58114
55.5,2.5,0,2.54951
55.5,3.5,0,3.53553
55.5,4.5,0,4.52769
55.5,5.5,0,5.52268
55.5,6.5,0,6.5192
55.5,7.5,0,7.51665
55.5,8.5,0,7.51665
55.5,9.5,0,7.51665
55.5,10.5,0,7.51665
55.5,11.5,0,7.51665
55.5,12.5,0,7.51665
55.5,13.5,0,7.51665
55.5,14.5,0,7.51665
55.5,15.5,0,7.51665
55.5,16.5,0,7.51665
55.5,17.5,0,7.51665
55.5,18.5,0,7.51665
55.5,19.5,0,7.51665
55.5,20.5,0,7.51665
55.5,21.5,0,7.51665
55.5,22.5,0,7.51665
55.5,23.5,0,7.51665
55.5,24.5,0,7.51665
55.5,25.5,0,7.51665
55.5,26.5,0,7.51665
55.5,27.5,0,7.51665
55.5,28.5,0,7.51665
55.5,29.5,0,7.51665
55.5,30.5,0,7.51665
55.5,31.5,0,7.51665
55.5,32.5,0,7.51665
55.5,33.5,0,7.51665
55.5,34.5,0,7.51665
55.5,35.5,0,7.51665
55.5,36.5,0,7.51665
55.5,37.5,0,7.51665
55.5,38.5,0,7.51665
55.5,39.5,0,7.51665
55.5,40.5,0,7.51665
55.5,41.5,0,7.51665
55.5,42.5,0,6.5192
55.5,43.5,0,5.52268
55.5,44.5,0,4.52769
55.5,45.5,0,3.53553
55.5,46.5,0,2.54951
55.5,47.5,0,1.58114
55.5,48.5,0,9.82499e-310
56.5,0.5,0,7.37319e-313
56.5,1.5,0,1.58114
56.5,2.5,0,2.54951
56.5,3.5,0,3.53553
56.5,4.5,0,4.52769
56.5,5.5,0,5.52268
56.5,6.5,0,6.5192
56.5,7.5,0,6.5192
56.5,8.5,0,6.5192
56.5,9.5,0,6.5192
56.5,10.5,0,6.5192
56.5,11.5,0,6.5192
56.5,12.5,0,6.5192
56.5,13.5,0,6.5192
56.5,14.5,0,6.5192
56.5,15.5,0,6.5192
56.5,16.5,0,6.5192
56.5,17.5,0,6.5192
56.5,18.5,0,6.5192
56.5,19.5,0,6.5192
56.5,20.5,0,6.5192
56.5,21.5,0,6.5192
56.5,22.5,0,6.5192
56.5,23.5,0,6.5192
56.5,24.5,0,6.5192
56.5,25.5,0,6.5192
56.5,26.5,0,6.5192
56.5,27.5,0,6.5192
56.5,28.5,0,6.5192
56.5,29.5,0,6.5192
56.5,30.5,0,6.5192
56.5,31.5,0,6.5192
56.5,32.5,0,6.5192
56.5,33.5,0,6.5192
56.5,34.5,0,6.5192
56.5,35.5,0,6.5192
56.5,36.5,0,6.5192
56.5,37.5,0,6.5192
56.5,38.5,0,6.5192
56.5,39.5,0,6.5192
56.5,40.5,0,6.5192
56.5,41.5,0,6.5192
56.5,42.5,0,6.5192
56.5,43.5,0,5.52268
56.5,44.5,0,4.52769
56.5,45.5,0,3.53553
56.5,46.5,0,2.54951
56.5,47.5,0,1.58114
56.5,48.5,0,9.82499e-310
57.5,0.5,0,7.37319e-313
57.5,1.5,0,1.58114
57.5,2.5,0,2.54951
57.5,3.5,0,3.53553
57.5,4.5,0,4.52769
57.5,5.5,0,5.52268
57.5,6.5,0,5.52268
57.5,7.5,0,5.52268
57.5,8.5,0,5.52268
57.5,9.5,0,5.52268
57.5,10.5,0,5.52268
57.5,11.5,0,5.52268
57.5,12.5,0,5.52268
57.5,13.5,0,5.52268
57.5,14.5,0,5.52268
57.5,15.5,0,5.52268
57.5,16.5,0,5.52268
57.5,17.5,0,5.52268
57.5,18.5,0,5.52268
57.5,19.5,0,5.52268
57.5,20.5,0,5.52268
57.5,21.5,0,5.52268
57.5,22.5,0,5.52268
57.5,23.5,0,5.52268
57.5,24.5,0,5.52268
57.5,25.5,0,5.52268
57.5,26.5,0,5.52268
57.5,27.5,0,5.52268
57.5,28.5,0,5.52268
57.5,29.5,0,5.52268
57.5,30.5,0,5.52268
57.5,31.5,0,5.52268
57.5,32.5,0,5.52268
57.5,33.5,0,5.52268
57.5,34.5,0,5.52268
57.5,35.5,0,5.52268
57.5,36.5,0,5.52268
57.5,37.5,0,5.52268
57.5,38.5,0,5.52268
57.5,39.5,0,5.52268
57.5,40.5,0,5.52268
57.5,41.5,0,5.52268
57.5,42.5,0,5.52268
57.5,43.5,0,5.52268
57.5,44.5,0,4.52769
57.5,45.5,0,3.53553
57.5,46.5,0,2.54951
57.5,47.5,0,1.58114
57.5,48.5,0,9.82499e-310
58.5,0.5,0,7.37319e-313
58.5,1.5,0,1.58114
58.5,2.5,0,2.54951
58.5,3.5,0,3.53553
58.5,4.5,0,4.52769
58.5,5.5,0,4.52769
58.5,6.5,0,4.52769
58.5,7.5,0,4.52769
58.5,8.5,0,4.52769
58.5,9.5,0,4.52769
58.5,10.5,0,4.52769
58.5,11.5,0,4.52769
58.5,12.5,0,4.52769
58.5,13.5,0,4.52769
58.5,14.5,0,4.52769
58.5,15.5,0,4.52769
58.5,16.5,0,4.52769
58.5,17.5,0,4.52769
58.5,18.5,0,4.52769
58.5,19.5,0,4.52769
58.5,20.5,0,4.52769
58.5,21.5,0,4.52769
58.5,22.5,0,4.52769
58.5,23.5,0,4.52769
58.5,24.5,0,4.52769
58.5,25.5,0,4.52769
58.5,26.5,0,4.52769
58.5,27.5,0,4.52769
58.5,28.5,0,4.52769
58.5,29.5,0,4.52769
58.5,30.5,0,4.52769
58.5,31.5,0,4.52769
58.5,32.5,0,4.52769
58.5,33.5,0,4.52769
58.5,34.5,0,4.52769
58.5,35.5,0,4.52769
58.5,36.5,0,4.52769
58.5,37.5,0,4.52769
58.5,38.5,0,4.52769
58.5,39.5,0,4.52769
58.5,40.5,0,4.52769
58.5,41.5,0,4.52769
58.5,42.5,0,4.52769
58.5,43.5,0,4.52769
58.5,44.5,0,4.52769
58.5,45.5,0,3.53553
58.5,46.5,0,2.54951
58.5,47.5,0,1.58114
58.5,48.5,0,9.82499e-310
59.5,0.5,0,7.37319e-313
59.5,1.5,0,1.58114
59.5,2.5,0,2.54951
59.5,3.5,0,3.53553
59.5,4.5,0,3.53553
59.5,5.5,0,3.53553
59.5,6.5,0,3.53553
59.5,7.5,0,3.53553
59.5,8.5,0,3.53553
59.5,9.5,0,3.53553
59.5,10.5,0,3.53553
59.5,11.5,0,3.53553
59.5,12.5,0,3.53553
59.5,13.5,0,3.53553
59.5,14.5,0,3.53553
59.5,15.5,0,3.53553
59.5,16.5,0,3.53553
59.5,17.5,0,3.53553
59.5,18.5,0,3.53553
59.5,19.5,0,3.53553
59.5,20.5,0,3.53553
59.5,21.5,0,3.53553
59.5,22.5,0,3.53553
59.5,23.5,0,3.53553
59.5,24.5,0,3.53553
59.5,25.5,0,3.53553
59.5,26.5,0,3.53553
59.5,27.5,0,3.53553
59.5,28.5,0,3.53553
59.5,29.5,0,3.53553
59.5,30.5,0,3.53553
59.5,31.5,0,3.53553
59.5,32.5,0,3.53553
59.5,33.5,0,3.53553
59.5,34.5,0,3.53553
59.5,35.5,0,3.53553
59.5,36.5,0,3.53553
59.5,37.5,0,3.53553
59.5,38.5,0,3.53553
59.5,39.5,0,3.53553
59.5,40.5,0,3.53553
59.5,41.5,0,3.53553
59.5,42.5,0,3.53553
59.5,43.5,0,3.53553
59.5,44.5,0,3.53553
59.5,45.5,0,3.53553
59.5,46.5,0,2.54951
59.5,47.5,0,1.58114
59.5,48.5,0,9.82499e-310
60.5,0.5,0,7.37319e-313
60.5,1.5,0,1.58114
60.5,2.5,0,2.54951
60.5,3.5,0,2.54951
60.5,4.5,0,2.54951
60.5,5.5,0,2.54951
60.5,6.5,0,2.54951
60.5,7.5,0,2.54951
60.5,8.5,0,2.54951
60.5,9.5,0,2.54951
60.5,10.5,0,2.54951
60.5,11.5,0,2.54951
60.5,12.5,0,2.54951
60.5,13.5,0,2.54951
60.5,14.5,0,2.54951
60.5,15.5,0,2.54951
60.5,16.5,0,2.54951
60.5,17.5,0,2.54951
60.5,18.5,0,2.54951
60.5,19.5,0,2.54951
60.5,20.5,0,2.54951
60.5,21.5,0,2.54951
60.5,22.5,0,2.54951
60.5,23.5,0,2.54951
60.5,24.5,0,2.54951
60.5,25.5,0,2.54951
60.5,26.5,0,2.54951
60.5,27.5,0,2.54951
60.5,28.5,0,2.54951
60.5,29.5,0,2.54951
60.5,30.5,0,2.54951
60.5,31.5,0,2.54951
60.5,32.5,0,2.54951
60.5,33.5,0,2.54951
60.5,34.5,0,2.54951
60.5,35.5,0,2.54951
60.5,36.5,0,2.54951
60.5,37.5,0,2.54951
60.5,38.5,0,2.54951
60.5,39.5,0,2.54951
60.5,40.5,0,2.54951
60.5,41.5,0,2.54951
60.5,42.5,0,2.54951
60.5,43.5,0,2.54951
60.5,44.5,0,2.54951
60.5,45.5,0,2.54951
60.5,46.5,0,2.54951
60.5,47.5,0,1.58114
60.5,48.5,0,9.82499e-310
61.5,0.5,0,7.37319e-313
61.5,1.5,0,1.58114
61.5,2.5,0,1.58114
61.5,3.5,0,1.58114
61.5,4.5,0,1.58114
61.5,5.5,0,1.58114
61.5,6.5,0,1.58114
61.5,7.5,0,1.58114
61.5,8.5,0,1.58114
61.5,9.5,0,1.58114
61.5,10.5,0,1.58114
61.5,11.5,0,1.58114
61.5,12.5,0,1.58114
61.5,13.5,0,1.58114
61.5,14.5,0,1.58114
61.5,15.5,0,1.58114
61.5,16.5,0,1.58114
61.5,17.5,0,1.58114
61.5,18.5,0,1.58114
61.5,19.5,0,1.58114
61.5,20.5,0,1.58114
61.5,21.5,0,1.58114
61.5,22.5,0,1.58114
61.5,23.5,0,1.58114
61.5,24.5,0,1.58114
61.5,25.5,0,1.58114
61.5,26.5,0,1.58114
61.5,27.5,0,1.58114
61.5,28.5,0,1.58114
61.5,29.5,0,1.58114
61.5,30.5,0,1.58114
61.5,31.5,0,1.58114
61.5,32.5,0,1.58114
61.5,33.5,0,1.58114
61.5,34.5,0,1.58114
61.5,35.5,0,1.58114
61.5,36.5,0,1.58114
61.5,37.5,0,1.58114
61.5,38.5,0,1.58114
61.5,39.5,0,1.58114
61.5,40.5,0,1.58114
61.5,41.5,0,1.58114
61.5,42.5,0,1.58114
61.5,43.5,0,1.58114
61.5,44.5,0,1.58114
61.5,45.5,0,1.58114
61.5,46.5,0,1.58114
61.5,47.5,0,1.58114
61.5,48.5,0,9.82499e-310
62.5,0.5,0,7.37319e-313
62.5,1.5,0,0.707107
62.5,2.5,0,0.707107
62.5,3.5,0,0.707107
62.5,4.5,0,0.707107
62.5,5.5,0,0.707107
62.5,6.5,0,0.707107
62.5,7.5,0,0.707107
62.5,8.5,0,0.707107
62.5,9.5,0,0.707107
62.5,10.5,0,0.707107
62.5,11.5,0,0.707107
62.5,12.5,0,0.707107
62.5,13.5,0,0.707107
62.5,14.5,0,0.707107
62.5,15.5,0,0.707107
62.5,16.5,0,0.707107
62.5,17.5,0,0.707107
62.5,18.5,0,0.707107
62.5,19.5,0,0.707107
62.5,20.5,0,0.707107
62.5,21.5,0,0.707107
62.5,22.5,0,0.707107
62.5,23.5,0,0.707107
62.5,24.5,0,0.707107
62.5,25.5,0,0.707107
62.5,26.5,0,0.707107
62.5,27.5,0,0.707107
62.5,28.5,0,0.707107
62.5,29.5,0,0.707107
62.5,30.5,0,0.707107
62.5,31.5,0,0.707107
62.5,32.5,0,0.707107
62.5,33.5,0,0.707107
62.5,34.5,0,0.707107
62.5,35.5,0,0.707107
62.5,36.5,0,0.707107
62.5,37.5,0,0.707107
62.5,38.5,0,0.707107
62.5,39.5,0,0.707107
62.5,40.5,0,0.707107
62.5,41.5,0,0.707107
62.5,42.5,0,0.707107
62.5,43.5,0,0.707107
62.5,44.5,0,0.707107
62.5,45.5,0,0.707107
62.5,46.5,0,0.707107
62.5,47.5,0,0.707107
62.5,48.5,0,9.82499e-310
